title,authors,journal,doi,all_authors,openalex_id
A Sustainable and Scalable Paradigm for Multidimensional Pollution Control of Livestock Wastewater Using Millimeter-Scale Bimetallic Chitosan Beads,"Yudan Dong, Shu-Run Yang, Yunzhe Zheng, ... , Bo Lai (n=10)",ACS ES&T Engineering,https://doi.org/10.1021/acsestengg.5c00241,Yudan Dong; Shu-Run Yang; Yunzhe Zheng; Jiamei Liu; Xin Wang; Peng Zhou; Jing Zhang; Zhaokun Xiong; Chuan-Shu He; Bo Lai,https://openalex.org/W4410918520
Salinity Stress Modulates the Dynamic Co-occurrence Interactions between DOM and Microbial Community Profiles in a Typical River–Estuary–Ocean Continuum: From the Pearl River to South China Sea,"Chao Zhang, Yingqiang Li, Junyu Zhu, ... , Mingzhi Huang (n=15)",ACS ES&T Water,https://doi.org/10.1021/acsestwater.4c00832,Chao Zhang; Yingqiang Li; Junyu Zhu; Zhe Zhang; Yue Xie; Shuna Fu; Wanbing Zheng; Zihan Shen; Bangxing Ren; Zhenguo Chen; Haijun He; Guang‐Guo Ying; Harald Horn; Amy M. McKenna; Mingzhi Huang,https://openalex.org/W4409221965
Revealing the Role of Biochar-Derived Dissolved Organic Matter during the Degradation of Sulfamethoxazole by Zero-Valent Iron-Activated Persulfate,"Chunhui Zhang, Jing Ji, Huijie Hu, ... , Hongwen Sun (n=8)",ACS ES&T Water,https://doi.org/10.1021/acsestwater.5c00603,Chunhui Zhang; Jing Ji; Huijie Hu; F. Y. Li; Ruomeng Li; Peng Zhang; Cuiping Wang; Hongwen Sun,https://openalex.org/W4414728075
"Molecular Evidence of the Promotion of Refractory Dissolved Organic Matter through Anthropogenic DOM Inputs to the Fen River, China","Gong Chen, Shouliang Huo, Jingtian Zhang, Hanxiao Zhang, Nanyan Weng",ACS ES&T Water,https://doi.org/10.1021/acsestwater.5c00465,Gong Chen; Shouliang Huo; Jingtian Zhang; Hanxiao Zhang; Nanyan Weng,https://openalex.org/W4412603753
Heteroatoms in Dissolved Organic Matter: Their Role in Adsorption and Dynamic Assembly on Activated Carbon,"Jian Liu, Shaohua Chen, Ying Xu, ... , Jianzhi Huang (n=7)",ACS ES&T Water,https://doi.org/10.1021/acsestwater.5c00409,Jian Liu; Shaohua Chen; Ying Xu; Mengyi Shi; Kai Zhang; Othman Al‐Mashaqbeh; Jianzhi Huang,https://openalex.org/W4411175011
Microbial Control on Dissolved Organic Matter Composition along the South-to-North Water Diversion Middle Route Project,"Peilian Zhang, Hanxiao Zhang, Zhanyao Shi, ... , Shouliang Huo (n=6)",ACS ES&T Water,https://doi.org/10.1021/acsestwater.5c00138,Peilian Zhang; Hanxiao Zhang; Zhanyao Shi; Weihui Huang; Jing Wang; Shouliang Huo,https://openalex.org/W4409835841
Effects of Eluate Drying on the Chemodiversity of Dissolved Organic Matter Revealed by Ultrahigh-Resolution Mass Spectrometry,"Xinyi Chen, Qing‐Long Fu, Ziyong Sun",ACS Measurement Science Au,https://doi.org/10.1021/acsmeasuresciau.5c00055,Xinyi Chen; Qing‐Long Fu; Ziyong Sun,https://openalex.org/W4411817781
Molecular Fingerprints and Reactivity Evolution of Dissolved Organic Matter Leached from Coal under Geothermal Conditions,"Zepeng Wan, Peng Lu, Sha Yang, ... , Baisheng Nie (n=6)",ACS Omega,https://doi.org/10.1021/acsomega.5c08211,Zepeng Wan; Peng Lu; Sha Yang; Yangcheng Xu; Yanqing Wu; Baisheng Nie,https://openalex.org/W7116828465
Medium molecular weight carbon fractions of DOM: Driving soil microbial community differentiation and soil organic carbon sequestration,"Jinkang Yang, Yanan Ren, Shaomin Huang, ... , Xiaolei Jie (n=9)",Agriculture Ecosystems & Environment,https://doi.org/10.1016/j.agee.2025.109688,Jinkang Yang; Yanan Ren; Shaomin Huang; Liping Weng; Yongtao Li; Hongen Liu; Peng Zhao; Long Wang; Xiaolei Jie,https://openalex.org/W4409536025
Weak Anion-Exchange Chromatography Coupled with FT-ICR MS Resolves Polarity-Driven Molecular Signatures in Natural and Anthropogenic Dissolved Organic Matter,"Joseph W. Frye, Lissa C. Anderson, Winston K. Robbins, ... , Martha L. Aguilera (n=11)",Analytical Chemistry,https://doi.org/10.1021/acs.analchem.5c05562,Joseph W. Frye; Lissa C. Anderson; Winston K. Robbins; Germain Salvato Vallverdu; A Santiago Rodriguez; Mason C. Hagan; Alan G. Marshall; Brice Bouyssière; Pierre Giusti; R. C. Rodgers; Martha L. Aguilera,https://openalex.org/W7116692268
Development of a Nontargeted Algorithm for Per- and Polyfluoroalkyl Substances in the FT-ICR Mass Spectra of Complex Organic Mixtures,"Qing‐Long Fu, Yanhui Cheng, Jibao Liu, ... , Yanxin Wang (n=8)",Analytical Chemistry,https://doi.org/10.1021/acs.analchem.4c06674,Qing‐Long Fu; Yanhui Cheng; Jibao Liu; Lee Blaney; Caiming Tang; Manabu Fujii; Pingqing Fu; Yanxin Wang,https://openalex.org/W4408172077
"Chemodiversity of coastal seawater dissolved organic matter shaped by wastewater treatment plant effluent in Tokyo Bay, Japan","Yanhui Cheng, Jibao Liu, Manabu Fujii, Qing‐Long Fu",Applied Geochemistry,https://doi.org/10.1016/j.apgeochem.2025.106292,Yanhui Cheng; Jibao Liu; Manabu Fujii; Qing‐Long Fu,https://openalex.org/W4406649357
Long-term manure fertilization enhances red soil organic carbon storage,"Hongqin Zou, Changai Lu, Lu Zhang, ... , Lauren Hale (n=6)",Applied Soil Ecology,https://doi.org/10.1016/j.apsoil.2025.106644,Hongqin Zou; Changai Lu; Lu Zhang; Minggang Xu; Yinghua Duan; Lauren Hale,https://openalex.org/W4416716176
Long-term fertilization regimes modulate dissolved organic matter molecular chemodiversity and greenhouse gas emissions in paddy soil,"Yuanyuan Sun, Weiming Zhang, Liqun Xiu, ... , Wenfu Chen (n=7)",Biochar,https://doi.org/10.1007/s42773-025-00445-3,Yuanyuan Sun; Weiming Zhang; Liqun Xiu; Wenqi Gu; Di Wu; Liang Tang; Wenfu Chen,https://openalex.org/W4408094762
Molecular composition of dissolved organic matter in soil leachate following application of surface agricultural practices and its implications for groundwater,"Jie Dong, Linna Jia, Haoran Wu, ... , Jia Xin (n=7)",Biogeochemistry,https://doi.org/10.1007/s10533-025-01249-0,Jie Dong; Linna Jia; Haoran Wu; Hang Fu; Wenlin Ren; Kang Yue; Jia Xin,https://openalex.org/W4412645277
Mechanism of biomass driving microbial community assembly in eco-engineering bauxite residues: Based on molecular traits of dissolved organic matter,"Guizhen Wang, Aiju Liu, Yunna Wang, ... , Peng Fu (n=11)",Bioresource Technology,https://doi.org/10.1016/j.biortech.2025.133601,Guizhen Wang; Aiju Liu; Yunna Wang; Guoqin Hou; Fangshuo Zhang; Jing Liu; Zafran Gul Wazir; Yuzhi Xu; Kai Liu; Hongliang Liu; Peng Fu,https://openalex.org/W4415891843
Synergistic Bacillus-woody peat bio-composting enhances dissolved organic matter transformation and cucumber growth,"Jiyu Xie, Yi Ren, Taimeng Tan, ... , Zhihui Xu (n=12)",Bioresource Technology,https://doi.org/10.1016/j.biortech.2025.133556,Jiyu Xie; Yi Ren; Taimeng Tan; Lili Tao; Xinli Sun; Lihao Chen; Wen Yu; Xiaojian Yu; Ruifu Zhang; Qirong Shen; Jianchao Zhang; Zhihui Xu,https://openalex.org/W4415546187
Fate of dissolved organic matter in thermal hydrolysis pretreatment aided autothermal thermophilic aerobic digestion of high solid sludge,"Ruming Wang, Yangyang Liu, Jinwen Hu, ... , Nanwen Zhu (n=6)",Bioresource Technology,https://doi.org/10.1016/j.biortech.2025.132246,Ruming Wang; Yangyang Liu; Jinwen Hu; Chunxing Li; Haiping Yuan; Nanwen Zhu,https://openalex.org/W4407607362
"Dissolved Organic Matter Composition and Environmental Characteristics of Lakes Across a Permafrost Gradient, Northwest Territories, Canada","H.S. Hutchins, Ryan, G. Leathers, Jeremy, Schiff, Sherry, ... , Aukes, Pieter Jan Karel (n=9)",Borealis,https://doi.org/10.5683/sp3/5owkls,"H.S. Hutchins, Ryan; G. Leathers, Jeremy; Schiff, Sherry; English, Michael; Schultz, Mackenzie; J. Venkiteswaran, Jason; Tank, Suzanne; Elgood, Richard; Aukes, Pieter Jan Karel",https://openalex.org/W7116122844
Spatial distribution of composition and chemodiversity of surface water dissolved organic matter (DOM) over the upper reach of the Changjiang River,"Shujun Yin, Chenhui Wei, Yafang Liu, Dongqiang Zhu",Carbon Research,https://doi.org/10.1007/s44246-025-00223-7,Shujun Yin; Chenhui Wei; Yafang Liu; Dongqiang Zhu,https://openalex.org/W4413231295
PHB/PBAT blended melt-blown micro-nano fiber carbon source for efficient solid-phase denitrification: Insights into low-carbon treatment and enhanced mechanism,"Hao Yuan, Liang Tang, Ziwei Yang, ... , Shiyang Li (n=10)",Chemical Engineering Journal,https://doi.org/10.1016/j.cej.2025.165128,Hao Yuan; Liang Tang; Ziwei Yang; Xiaodong Pi; Jinxiang Zhao; R.C. Luo; Tang Ming; Zuwen Liu; Zhendong Lei; Shiyang Li,https://openalex.org/W4411450368
Reduction of halogenated byproduct formation during ozone-based advanced oxidation of shale gas produced water by selective oxidation and pre-oxidation,"Hualiang Feng, Yani Lai, Wenlong Mao, Zhaoji Zhang",Chemical Engineering Journal,https://doi.org/10.1016/j.cej.2025.171911,Hualiang Feng; Yani Lai; Wenlong Mao; Zhaoji Zhang,https://openalex.org/W7115561983
Ultrasound-driven centralized reactor strategy for enhanced sludge valorization: From cavitation field regulation to sustainable resource recovery,"Qinqin Liu, Kang Hou, Yali Jiang, ... , Qing Tian (n=8)",Chemical Engineering Journal,https://doi.org/10.1016/j.cej.2025.168532,Qinqin Liu; Kang Hou; Yali Jiang; Y P Tian; Yu Lu; Bo Yang; Fang Li; Qing Tian,https://openalex.org/W4414311588
A novel approach to healthy water Treatment: Boiling-Based UV photoelectrochemical oxidation process for the removal of disinfection by-products from drinking water,"Xingxing Huang, Yujie Ao, Hao‐Cheng Yang, ... , Jinsuo Lu (n=8)",Chemical Engineering Journal,https://doi.org/10.1016/j.cej.2025.163658,Xingxing Huang; Yujie Ao; Hao‐Cheng Yang; Muyu Feng; Xuan Wang; Rui Chen; Qing Yang; Jinsuo Lu,https://openalex.org/W4410299726
Dissolved organic matter as a promoter of U(VI) reduction during ferrihydrite transformation: Implications for uranium sequestration,"Yang Ding, Xiahan Zuo, Xixian Huang, ... , Dexin Ding (n=7)",Chemical Engineering Journal,https://doi.org/10.1016/j.cej.2025.172353,Yang Ding; Xiahan Zuo; Xixian Huang; Hui Zhang; Feng Li; Jianhong Ma; Dexin Ding,https://openalex.org/W7117451962
Investigation on the mechanism of dissolved organic matter degradation in printing and dyeing wastewater by plasma-treated La0.5Sr0.5CoO3-δ activating persulfate,"Yang Yang, Jingyuan Wang, Tong Xu, Bin Zhu, Xiaomin Zhang",Chemical Engineering Journal,https://doi.org/10.1016/j.cej.2025.164831,Yang Yang; Jingyuan Wang; Tong Xu; Bin Zhu; Xiaomin Zhang,https://openalex.org/W4411290001
Extended Inter-laboratory Characterization of the New Coastal Seawater Dissolved Organic Matter Reference Material TRM-0522,"Alexander J. Craig, Lydia Babcock‐Adams, Maxime C. Bridoux, ... , Jeffrey A. Hawkes (n=17)",ChemRxiv,https://doi.org/10.26434/chemrxiv-2025-1232j,Alexander J. Craig; Lydia Babcock‐Adams; Maxime C. Bridoux; Christian Le Brun; Juliana D’Andrilli; Aleksandar I. Goranov; Patrick G. Hatcher; Oliver J. Lechtenfeld; Hang Li; Rebecca Rodrigues Matos; Garrett McKay; Amy M. McKenna; Madelyn Miller; Sasha Wagner; Margot E. White; Alexander Zherebker; Jeffrey A. Hawkes,https://openalex.org/W4414333109
Improvement of Electrospray Ionization Response Linearity and Quantification in Dissolved Organic Matter using Synthetic Deuterated Internal Standards,"Alexander J. Craig, Mustapha Adekomi Ganiyu, Lindon W. K. Moodie, ... , Jeffrey A. Hawkes (n=8)",ChemRxiv,https://doi.org/10.26434/chemrxiv-2025-6wm8s,Alexander J. Craig; Mustapha Adekomi Ganiyu; Lindon W. K. Moodie; Sofja Tshepelevitsh; Koit Herodes; Heike Simon; Thorsten Dittmar; Jeffrey A. Hawkes,https://openalex.org/W4408500993
Exploring the Chemical Space of Dissolved Organic Matter using FT-ICR MS with Multi-Source Network Traversal,"Jibao Liu, Rongjun Gao, Mohamed Elsamadony, ... , Manabu Fujii (n=10)",ChemRxiv,https://doi.org/10.26434/chemrxiv-2025-9s13m,Jibao Liu; Rongjun Gao; Mohamed Elsamadony; Dilhani Senevinanda; Kushani Dilinika; Yuheng Gu; Supaporn Klabklaydee; Qing‐Long Fu; Eunsang Kwon; Manabu Fujii,https://openalex.org/W4416459667
Environmental and microbial factors shape dissolved organic matter across multiple ecosystems,"Bixi Guo, Yongqin Liu, Jianjun Wang, ... , Nianzhi Jiao (n=7)",Communications Earth & Environment,https://doi.org/10.1038/s43247-025-02848-3,Bixi Guo; Yongqin Liu; Jianjun Wang; Qiang Zheng; Quan Shi; Chen He; Nianzhi Jiao,https://openalex.org/W4416334474
Transformation characteristics of dissolved organic matter in ozone treatment unit of wastewater plants,"Wanli Zhang, Cheng Fangkui, Jinglin Zhu",DOAJ (DOAJ: Directory of Open Access Journals),https://doi.org/10.19965/j.cnki.iwt.2024-0438,Wanli Zhang; Cheng Fangkui; Jinglin Zhu,https://openalex.org/W7155513564
Separation and removal characteristics of pollutants in coagulation process of asphalt production wastewater,"Yue Cao, Shuai Zhu, JIANG Juntao, ... , XU Chunming (n=7)",DOAJ (DOAJ: Directory of Open Access Journals),https://doi.org/10.19965/j.cnki.iwt.2024-0715,Yue Cao; Shuai Zhu; JIANG Juntao; Z C Li; WANG Qinghong; C Chen; XU Chunming,https://openalex.org/W7155518192
Comprehensive effects of lake dredging on microbial community and dissolved organic matter compositions in surface sediments,"Hezhou Chen, Shaozhuang Guo, Songhe Zhang, ... , Jicheng Zhong (n=8)",Ecological Indicators,https://doi.org/10.1016/j.ecolind.2025.113566,Hezhou Chen; Shaozhuang Guo; Songhe Zhang; Yongsheng Tang; Tilang Zhang; Xin Lv; Dejin Wang; Jicheng Zhong,https://openalex.org/W4410109165
Scale Formation from Dissolved Organic Matter in SAGD Steam Generators─Part I: Acidic Species Characterized by FTICR-MS,"Ali Naderi, Thomas B. P. Oldenburg",Energy & Fuels,https://doi.org/10.1021/acs.energyfuels.5c01778,Ali Naderi; Thomas B. P. Oldenburg,https://openalex.org/W4411571928
Molecular mechanistic insights towards aggregation of nano-biochar moderated by aromatic components in dissolved organic matter,"Zheng Zhou, Meng Lu, Yu Huang, ... , Bo Pan (n=10)",Environment International,https://doi.org/10.1016/j.envint.2025.109350,Zheng Zhou; Meng Lu; Yu Huang; Zhao Changping; Yafeng Wang; Marc Pidou; Min Wu; Quan Chen; Paul Jeffrey; Bo Pan,https://openalex.org/W4407902453
GRSP-induced diversity change of dissolved organic matter enhances the availability of PAHs in soil,"Xian Zhou, Pengfei Li, Fredrick Owino Gudda, ... , Jian Wang (n=7)",Environmental Pollution,https://doi.org/10.1016/j.envpol.2025.126858,Xian Zhou; Pengfei Li; Fredrick Owino Gudda; Chao Qin; Ahmed Mosa; Wanting Ling; Jian Wang,https://openalex.org/W4412555582
Benthic biofilms as reservoirs of recalcitrant organic matter in freshwater reservoirs: insights from FT-ICR MS,"Ch. Tahir Mehmood, Yujian Dong, Huiyu Liu, ... , Olivier Habimana (n=8)",Environmental Research,https://doi.org/10.1016/j.envres.2025.122945,Ch. Tahir Mehmood; Yujian Dong; Huiyu Liu; Yu Han; Yan Wang; Yiwei Li; Yeyuan Xiao; Olivier Habimana,https://openalex.org/W4414502281
Microbial transformation of sulfur-containing dissolved organic matter in the intertidal zone of a mountainous river estuary responding to tidal fluctuation,"Longfei Wang, Guosheng Zhao, Weidong Guo, ... , Lihua Niu (n=6)",Environmental Research,https://doi.org/10.1016/j.envres.2025.121363,Longfei Wang; Guosheng Zhao; Weidong Guo; Yi Li; Jiaying Chen; Lihua Niu,https://openalex.org/W4408268097
Microbial processes dominate DOM degradation in alpine karst lakes over photochemical effects,"Qinqin You, Hanyong Zeng, Muhammad Ibrar, ... , Geng Sun (n=9)",Environmental Research,https://doi.org/10.1016/j.envres.2025.121812,Qinqin You; Hanyong Zeng; Muhammad Ibrar; Dalin Zhu; Demeng Zhao; Yutao Cao; Yunde Zhang; Yanbao Lei; Geng Sun,https://openalex.org/W4410220242
Unveiling the molecular composition of dissolved organic phosphorus in the freshwater-estuarine continuum using ultrahigh-resolution FT-ICR-MS,"Yanjiao Zhou, Liyang Yang, Fu‐Tao Fang, ... , ⎜Zhuoyi Zhu (n=6)",Environmental Research,https://doi.org/10.1016/j.envres.2025.123352,Yanjiao Zhou; Liyang Yang; Fu‐Tao Fang; Yuqing Li; Wan-E Zhuang; ⎜Zhuoyi Zhu,https://openalex.org/W4416416777
Molecular Alteration of Dissolved Organic Matter in Intertidal Sediments: The Role of Fe(II) Reoxidation,"Huifang XIAO, Zhe Zhou, Jiangtao Li, Shouye Yang",Environmental Science & Technology,https://doi.org/10.1021/acs.est.5c06631,Huifang XIAO; Zhe Zhou; Jiangtao Li; Shouye Yang,https://openalex.org/W4417251387
Unveiling Molecular Constraints on the Formation and Fate of Organoiodine Compounds under Aquifer Conditions,"Jiangkai Xue, Yamin Deng, Qing‐Long Fu, ... , Yanxin Wang (n=6)",Environmental Science & Technology,https://doi.org/10.1021/acs.est.5c05558,Jiangkai Xue; Yamin Deng; Qing‐Long Fu; Yao Du; Jianbo Shi; Yanxin Wang,https://openalex.org/W4413318176
Toward the Chemogeography of Dissolved Organic Matter in the Global Ocean,"Jianjun Wang, Ang Hu, Yifan Cui, ... , Nianzhi Jiao (n=9)",Environmental Science & Technology,https://doi.org/10.1021/acs.est.5c02477,Jianjun Wang; Ang Hu; Yifan Cui; Sarah K. Bercovici; Xiancai Lu; Jay T. Lennon; Janne Soininen; Yongqin Liu; Nianzhi Jiao,https://openalex.org/W4415375144
Ferrous Oxidation-Driven Adsorptive and Oxidative Transformation Boosts Electron Exchange Capacity of Dissolved Organic Matter: Environmental Implications,"Kai Liu, Jialin Chi, Liping Fang, ... , Fangbai Li (n=8)",Environmental Science & Technology,https://doi.org/10.1021/acs.est.5c13400,Kai Liu; Jialin Chi; Liping Fang; Minwen Huang; Shiyin Wu; Xiangjun Meng; Thomas Borch; Fangbai Li,https://openalex.org/W4415936029
Prediction of Dissolved Organic Carbon Concentrations in Inland Waters Using Optical Proxies of Aromaticity,Kathleen R. Murphy,Environmental Science & Technology,https://doi.org/10.1021/acs.est.5c05408,Kathleen R. Murphy,https://openalex.org/W4412743421
Size and Structure-Dependent Molecular Fingerprint Transformation of Microplastic-Derived Dissolved Organic Matter in Sunlit Seawater: Implication for Marine Carbon Cycles,"Yanjun Liu, Zhao Liang Chen, Zekun Zhang, ... , Ding He (n=11)",Environmental Science & Technology,https://doi.org/10.1021/acs.est.5c04083,Yanjun Liu; Zhao Liang Chen; Zekun Zhang; Yuanbi Yi; Ruanhong Cai; Ming Ye; Mengyang Liu; Meng Yan; Kmy Leung; Tanveer M. Adyel; Ding He,https://openalex.org/W4413055235
Erosion-Driven Vertical Decoupling: Molecular Signatures of Dissolved Organic Matter and Microbial Coevolution in Subsoil Hotspots,"Yumei Peng, Zhongmin Fan, Zi Wang, ... , Xiang Wang (n=8)",Environmental Science & Technology,https://doi.org/10.1021/acs.est.5c02856,Yumei Peng; Zhongmin Fan; Zi Wang; Ziyun Zhang; Yuxin Yan; Jia Shi; Chunpeng Huo; Xiang Wang,https://openalex.org/W4412568907
MoleTrans: Browser-Based Webtool for Postanalysis on Molecular Chemodiversity and Transformation of Dissolved Organic Matters via FT-ICR MS,"Jibao Liu, Bei Zhang, Qing‐Long Fu, ... , Manabu Fujii (n=11)",Environmental Science & Technology Letters,https://doi.org/10.1021/acs.estlett.5c00284,Jibao Liu; Bei Zhang; Qing‐Long Fu; Toshihiro Isobe; Rongjun Gao; Yuansong Wei; Eunsang Kwon; Zhineng Hao; Wei An; Qi Rong; Manabu Fujii,https://openalex.org/W4410230930
Improvementof Electrospray Ionization Response Linearityand Quantification in Dissolved Organic Matter Using Synthetic DeuteratedInternal Standards,"Alexander
J. Craig (1688206), Mustapha A. Ganiyu (22108684), Lindon W. K. Moodie (5052386), ... , Jeffrey A. Hawkes (6947765) (n=8)",Figshare,https://doi.org/10.1021/acs.analchem.5c02463.s001,"Alexander
J. Craig (1688206); Mustapha A. Ganiyu (22108684); Lindon W. K. Moodie (5052386); Sofja Tshepelevitsh (1359102); Koit Herodes (2554387); Heike Simon (1995562); Thorsten Dittmar (107585); Jeffrey A. Hawkes (6947765)",https://openalex.org/W7111340425
Improvementof Electrospray Ionization Response Linearityand Quantification in Dissolved Organic Matter Using Synthetic DeuteratedInternal Standards,"Alexander
J. Craig (1688206), Mustapha A. Ganiyu (22108684), Lindon W. K. Moodie (5052386), ... , Jeffrey A. Hawkes (6947765) (n=8)",Figshare,https://doi.org/10.1021/acs.analchem.5c02463.s002,"Alexander
J. Craig (1688206); Mustapha A. Ganiyu (22108684); Lindon W. K. Moodie (5052386); Sofja Tshepelevitsh (1359102); Koit Herodes (2554387); Heike Simon (1995562); Thorsten Dittmar (107585); Jeffrey A. Hawkes (6947765)",https://openalex.org/W7111201281
Scale Formationfrom Dissolved Organic Matter in SAGDSteam GeneratorsPart I: Acidic Species Characterized by FTICR-MS,"Ali Naderi (24416), Thomas B. P. Oldenburg (21590479)",Figshare,https://doi.org/10.1021/acs.energyfuels.5c01778.s001,Ali Naderi (24416); Thomas B. P. Oldenburg (21590479),https://openalex.org/W7110901150
"Iron- and Manganese-CatalyzedMaillard Chemistry:Molecular Characteristics, Evolution Pathways, and Implications forSoil Organic Carbon Formation","Bo Chen (32294), Wenfeng Huang (230882), Wenbo Guo (5872787), ... , Ling Zhao (111365) (n=9)",Figshare,https://doi.org/10.1021/acs.est.5c06722.s001,Bo Chen (32294); Wenfeng Huang (230882); Wenbo Guo (5872787); Han Dai (72647); Jiahao Quan (22451245); Zehong Zhang (17144562); Xiaoyun Xu (781726); Xinde Cao (677765); Ling Zhao (111365),https://openalex.org/W7110843612
Salinity StressModulates the Dynamic Co-occurrenceInteractions between DOM and Microbial Community Profiles in a TypicalRiver–Estuary–Ocean Continuum: From the Pearl Riverto South China Sea,"Chao Zhang (51048), Yingqiang Li (10865235), Junyu Zhu (3185592), ... , Mingzhi Huang (702817) (n=15)",Figshare,https://doi.org/10.1021/acsestwater.4c00832.s001,Chao Zhang (51048); Yingqiang Li (10865235); Junyu Zhu (3185592); Zhe Zhang (81603); Yue Xie (132878); Shuna Fu (689510); Wanbing Zheng (20993307); Zihan Shen (5871596); Bangxing Ren (20519117); Zhenguo Chen (474804); Haijun He (503616); Guang-Guo Ying (1592698); Harald Horn (1734085); Amy M. McKenna (1286787); Mingzhi Huang (702817),https://openalex.org/W7111229703
Revealing the Role of Biochar-Derived Dissolved OrganicMatter during the Degradation of Sulfamethoxazole by Zero-Valent Iron-ActivatedPersulfate,"Chunhui Zhang (337556), Jing Ji (464622), Huijie Hu (7599182), ... , Hongwen Sun (1421434) (n=8)",Figshare,https://doi.org/10.1021/acsestwater.5c00603.s001,Chunhui Zhang (337556); Jing Ji (464622); Huijie Hu (7599182); Fuyu Li (6816020); Ruomeng Li (6667337); Peng Zhang (2071); Cuiping Wang (401082); Hongwen Sun (1421434),https://openalex.org/W7111344139
ManganeseOxidesDrive Divergent Fates of Litter-DerivedDOM via pH-Regulated Oxidative Decomposition and Polymerization,"Feng Jiang (95012), Hong Su (415707), Qing-long Fu (18181995), ... , Xionghan Feng (1406815) (n=9)",Figshare,https://doi.org/10.1021/acs.est.5c08244.s001,Feng Jiang (95012); Hong Su (415707); Qing-long Fu (18181995); Zi Yang (276531); Xiaoming Wang (187053); Hui Yin (111676); Wenfeng Tan (2280328); Bruno Lanson (1648810); Xionghan Feng (1406815),https://openalex.org/W7111156587
Evaluating the ChemicalReactivity of Wildfire-DerivedDissolved Organic Molecules: Glutathione Binding through KendrickMass Defect Analysis,"Hannah
M. Hamontree (21353480), Patrick G. Hatcher (1271967)",Figshare,https://doi.org/10.1021/jasms.5c00077.s002,"Hannah
M. Hamontree (21353480); Patrick G. Hatcher (1271967)",https://openalex.org/W7111318547
Evaluating the ChemicalReactivity of Wildfire-DerivedDissolved Organic Molecules: Glutathione Binding through KendrickMass Defect Analysis,"Hannah
M. Hamontree (21353480), Patrick G. Hatcher (1271967)",Figshare,https://doi.org/10.1021/jasms.5c00077.s001,"Hannah
M. Hamontree (21353480); Patrick G. Hatcher (1271967)",https://openalex.org/W7110786321
MolecularAlteration of Dissolved Organic Matter inIntertidal Sediments: The Role of Fe(II) Reoxidation,"Heng Xiao (489521), Zhe Zhou (156517), Jiangtao Li (762969), Shouye Yang (6963380)",Figshare,https://doi.org/10.1021/acs.est.5c06631.s001,Heng Xiao (489521); Zhe Zhou (156517); Jiangtao Li (762969); Shouye Yang (6963380),https://openalex.org/W7115008254
Synergistic Photochemistryof Dissolved Black CarbonMediated by Iron: A Critical Pathway for Enhancing Hydroxyl RadicalGeneration,"Huanxin Ma (8713296), Yalan Chen (1590334), Yue Wang (65477), ... , Ke Sun (542534) (n=7)",Figshare,https://doi.org/10.1021/acs.est.5c10858.s001,Huanxin Ma (8713296); Yalan Chen (1590334); Yue Wang (65477); Chunhua Feng (2334277); Zhi Dang (683027); Shishu Zhu (4475128); Ke Sun (542534),https://openalex.org/W7111005584
Heteroatomsin Dissolved Organic Matter: Their Rolein Adsorption and Dynamic Assembly on Activated Carbon,"Jian Liu (33711), Shaohua Chen (114324), Ying Xu (9172), ... , Jianzhi Huang (1641835) (n=7)",Figshare,https://doi.org/10.1021/acsestwater.5c00409.s001,Jian Liu (33711); Shaohua Chen (114324); Ying Xu (9172); Mengyi Shi (18841028); Kai Zhang (102844); Othman Al-Mashaqbeh (21519220); Jianzhi Huang (1641835),https://openalex.org/W7111285369
Unveiling MolecularConstraints on the Formation andFate of Organoiodine Compounds under Aquifer Conditions,"Jiangkai Xue (18181992), Yamin Deng (3104127), Qing-long Fu (18181995), ... , Yanxin Wang (738113) (n=6)",Figshare,https://doi.org/10.1021/acs.est.5c05558.s001,Jiangkai Xue (18181992); Yamin Deng (3104127); Qing-long Fu (18181995); Yao Du (1669807); Jianbo Shi (448177); Yanxin Wang (738113),https://openalex.org/W7110951967
Toward the Chemogeographyof Dissolved Organic Matterin the Global Ocean,"Jianjun Wang (67330), Ang Hu (6533882), Yifan Cui (7159184), ... , Nianzhi Jiao (138252) (n=9)",Figshare,https://doi.org/10.1021/acs.est.5c02477.s001,Jianjun Wang (67330); Ang Hu (6533882); Yifan Cui (7159184); Sarah Bercovici (22465003); Xiancai Lu (1274142); Jay Lennon (781593); Janne Soininen (136179); Yongqin Liu (544525); Nianzhi Jiao (138252),https://openalex.org/W7111106360
MoleTrans: Browser-Based Webtool for Postanalysison Molecular Chemodiversity and Transformation of Dissolved OrganicMatters via FT-ICR MS,"Jibao Liu (17671515), Bei Zhang (428038), Qing-Long Fu (4722930), ... , Manabu Fujii (1666423) (n=11)",Figshare,https://doi.org/10.1021/acs.estlett.5c00284.s001,Jibao Liu (17671515); Bei Zhang (428038); Qing-Long Fu (4722930); Toshihiro Isobe (1932904); Rongjun Gao (17004253); Yuansong Wei (635582); Eunsang Kwon (1632397); Zhineng Hao (1832776); Wei An (760187); Rong Qi (1647328); Manabu Fujii (1666423),https://openalex.org/W7111152837
FerrousOxidation-Driven Adsorptive and OxidativeTransformation Boosts Electron Exchange Capacity of Dissolved OrganicMatter: Environmental Implications,"Kai Liu (159026), Jialin Chi (4726599), Liping Fang (776115), ... , Fangbai Li (1762234) (n=8)",Figshare,https://doi.org/10.1021/acs.est.5c13400.s001,Kai Liu (159026); Jialin Chi (4726599); Liping Fang (776115); Minwen Huang (2691778); Shiyin Wu (15473022); Xiangjun Meng (384157); Thomas Borch (1349157); Fangbai Li (1762234),https://openalex.org/W7111424226
Predictionof DissolvedOrganic Carbon Concentrationsin Inland Waters Using Optical Proxies of Aromaticity,Kathleen R. Murphy (2215531),Figshare,https://doi.org/10.1021/acs.est.5c05408.s001,Kathleen R. Murphy (2215531),https://openalex.org/W7110847997
Table 1_Organo-mineral interactions modulate organic carbon retention and mobility in a deep subterranean estuary of a high-energy beach.docx,"Kojo Amoako (21343814), Anja Reckhardt (8965067), Magali Roberts (21343817), ... , Hannelore Waska (3665911) (n=7)",Figshare,https://doi.org/10.3389/frwa.2025.1507564.s001,Kojo Amoako (21343814); Anja Reckhardt (8965067); Magali Roberts (21343817); Rena Meyer (11808833); Simone Brick (20438951); Thorsten Dittmar (107585); Hannelore Waska (3665911),https://openalex.org/W7111234891
Data Sheet 1_Organo-mineral interactions modulate organic carbon retention and mobility in a deep subterranean estuary of a high-energy beach.docx,"Kojo Amoako (21343814), Anja Reckhardt (8965067), Magali Roberts (21343817), ... , Hannelore Waska (3665911) (n=7)",Figshare,https://doi.org/10.3389/frwa.2025.1507564.s002,Kojo Amoako (21343814); Anja Reckhardt (8965067); Magali Roberts (21343817); Rena Meyer (11808833); Simone Brick (20438951); Thorsten Dittmar (107585); Hannelore Waska (3665911),https://openalex.org/W7111071700
Microbial Controlon Dissolved Organic Matter Compositionalong the South-to-North Water Diversion Middle Route Project,"Peilian Zhang (18092917), Hanxiao Zhang (8559141), Zhanyao Shi (21184614), ... , Shouliang Huo (8559135) (n=6)",Figshare,https://doi.org/10.1021/acsestwater.5c00138.s001,Peilian Zhang (18092917); Hanxiao Zhang (8559141); Zhanyao Shi (21184614); Weihui Huang (21184617); Jing Wang (6206297); Shouliang Huo (8559135),https://openalex.org/W7111040962
Temporal Dynamicsand Intermediate Product Formationin DOM Phototransformation Revealed by Liquid Chromatography Ultrahigh-ResolutionMass Spectrometry,"Peter Herzsprung (1517227), Aleksandr Sobolev (21619012), Wolf von Tümpling (9528646), ... , Oliver J. Lechtenfeld (4003712) (n=6)",Figshare,https://doi.org/10.1021/acs.est.5c01986.s002,Peter Herzsprung (1517227); Aleksandr Sobolev (21619012); Wolf von Tümpling (9528646); Norbert Kamjunke (9528643); Michael Schwidder (21619015); Oliver J. Lechtenfeld (4003712),https://openalex.org/W7111172921
Temporal Dynamicsand Intermediate Product Formationin DOM Phototransformation Revealed by Liquid Chromatography Ultrahigh-ResolutionMass Spectrometry,"Peter Herzsprung (1517227), Aleksandr Sobolev (21619012), Wolf von Tümpling (9528646), ... , Oliver J. Lechtenfeld (4003712) (n=6)",Figshare,https://doi.org/10.1021/acs.est.5c01986.s003,Peter Herzsprung (1517227); Aleksandr Sobolev (21619012); Wolf von Tümpling (9528646); Norbert Kamjunke (9528643); Michael Schwidder (21619015); Oliver J. Lechtenfeld (4003712),https://openalex.org/W7111017606
Temporal Dynamicsand Intermediate Product Formationin DOM Phototransformation Revealed by Liquid Chromatography Ultrahigh-ResolutionMass Spectrometry,"Peter Herzsprung (1517227), Aleksandr Sobolev (21619012), Wolf von Tümpling (9528646), ... , Oliver J. Lechtenfeld (4003712) (n=6)",Figshare,https://doi.org/10.1021/acs.est.5c01986.s001,Peter Herzsprung (1517227); Aleksandr Sobolev (21619012); Wolf von Tümpling (9528646); Norbert Kamjunke (9528643); Michael Schwidder (21619015); Oliver J. Lechtenfeld (4003712),https://openalex.org/W7110925463
Simultaneous Elucidation of the Chemodiversity ofDissolved Organic Matter and Quantitation of Trace Organic ContaminantSucralose by Fourier Transform Ion Cyclotron Resonance Mass Spectrometry,"Qian You (5516654), Yanhui Cheng (6907742), Qing-Long Fu (4722930), ... , Yanxin Wang (738113) (n=9)",Figshare,https://doi.org/10.1021/acs.analchem.5c01311.s001,Qian You (5516654); Yanhui Cheng (6907742); Qing-Long Fu (4722930); Guodong Cao (6862997); Jibao Liu (17671515); Manabu Fujii (1666423); Lee Blaney (2953920); Pingqing Fu (1517941); Yanxin Wang (738113),https://openalex.org/W7110977389
Sizeand Structure-DependentMolecular FingerprintTransformation of Microplastic-Derived Dissolved Organic Matter inSunlit Seawater: Implication for Marine Carbon Cycles,"Yan-Jun Liu (197444), Zhao Liang Chen (12697442), Zekun Zhang (6308471), ... , Ding He (6581450) (n=11)",Figshare,https://doi.org/10.1021/acs.est.5c04083.s002,Yan-Jun Liu (197444); Zhao Liang Chen (12697442); Zekun Zhang (6308471); Yuanbi Yi (15333727); Ruanhong Cai (827413); Ming Ye (121179); Mengyang Liu (3074763); Meng Yan (1489837); Kenneth Mei Yee Leung (7484084); Tanveer M. Adyel (11182824); Ding He (6581450),https://openalex.org/W7111137630
Sizeand Structure-DependentMolecular FingerprintTransformation of Microplastic-Derived Dissolved Organic Matter inSunlit Seawater: Implication for Marine Carbon Cycles,"Yan-Jun Liu (197444), Zhao Liang Chen (12697442), Zekun Zhang (6308471), ... , Ding He (6581450) (n=11)",Figshare,https://doi.org/10.1021/acs.est.5c04083.s001,Yan-Jun Liu (197444); Zhao Liang Chen (12697442); Zekun Zhang (6308471); Yuanbi Yi (15333727); Ruanhong Cai (827413); Ming Ye (121179); Mengyang Liu (3074763); Meng Yan (1489837); Kenneth Mei Yee Leung (7484084); Tanveer M. Adyel (11182824); Ding He (6581450),https://openalex.org/W7111215896
A Sustainableand Scalable Paradigm for MultidimensionalPollution Control of Livestock Wastewater Using Millimeter-Scale BimetallicChitosan Beads,"Yudan Dong (19935900), Shurun Yang (14325467), Yunzhe Zheng (11818197), ... , Bo Lai (474487) (n=10)",Figshare,https://doi.org/10.1021/acsestengg.5c00241.s001,Yudan Dong (19935900); Shurun Yang (14325467); Yunzhe Zheng (11818197); Jiamei Liu (513291); Xin Wang (91924); Peng Zhou (116747); Jing Zhang (23775); Zhaokun Xiong (8689290); Chuan-Shu He (6542195); Bo Lai (474487),https://openalex.org/W7110799167
Erosion-Driven VerticalDecoupling: Molecular Signaturesof Dissolved Organic Matter and Microbial Coevolution in Subsoil Hotspots,"Yumei Peng (257058), Zhongmin Fan (13218033), Zi Wang (324031), ... , Xiang Wang (127867) (n=8)",Figshare,https://doi.org/10.1021/acs.est.5c02856.s001,Yumei Peng (257058); Zhongmin Fan (13218033); Zi Wang (324031); Ziyun Zhang (4374943); Yuxin Yan (3545792); Jia Shi (614042); Chunpeng Huo (21762799); Xiang Wang (127867),https://openalex.org/W7110991614
Soil DOM under warming_data&amp;code by YZhang,"Zhang, Yixuan",Figshare,https://doi.org/10.6084/m9.figshare.30618575.v1,"Zhang, Yixuan",https://openalex.org/W7105763516
Soil DOM under warming_data&amp;code by YZhang,"Zhang, Yixuan",Figshare,https://doi.org/10.6084/m9.figshare.30618575,"Zhang, Yixuan",https://openalex.org/W7105734638
The potential nature of “dark” dissolved organic matter in the biosphere,"Khan M. G. Mostofa, Jie Yuan, Xuemei Yang, ... , Si‐Liang Li (n=9)",Frontiers in Earth Science,https://doi.org/10.3389/feart.2025.1517025,Khan M. G. Mostofa; Jie Yuan; Xuemei Yang; Mohammad Mohinuzzaman; Cong‐Qiang Liu; Nicola Senesi; N. Senesi; Davide Vione; Si‐Liang Li,https://openalex.org/W4408875588
Organo-mineral interactions modulate organic carbon retention and mobility in a deep subterranean estuary of a high-energy beach,"Kojo Amoako, Anja Reckhardt, M.H.T. Roberts, ... , Hannelore Waska (n=7)",Frontiers in Water,https://doi.org/10.3389/frwa.2025.1507564,Kojo Amoako; Anja Reckhardt; M.H.T. Roberts; Rena Meyer; Simone Brick; Thorsten Dittmar; Hannelore Waska,https://openalex.org/W4410301824
Exploring the fate and chemical transformation of organics by UV/H2O2-GAC and UV/H2O2-BAC based on pilot-scale systems in the treatment of micro-polluted surface water,"Wenxuan Yin, Wenjun Sun, Yongqin Yuan, ... , Fengyi Zheng (n=6)",Frontiers of Environmental Science & Engineering,https://doi.org/10.1007/s11783-025-2008-5,Wenxuan Yin; Wenjun Sun; Yongqin Yuan; Daoyi Zhang; Yuanna Zhang; Fengyi Zheng,https://openalex.org/W4410289932
"Distinct molecular complexing mechanisms of smoke dissolved organic matters (SDOMs) from various solid fuels combustion toward heavy metals: New insights based on FT-ICR-MS, two dimensional fluorescence EEM and FTIR","Yixin Xu, Shiming Xu, Cheng Yue, ... , Jinzhi Ni (n=8)",Fuel,https://doi.org/10.1016/j.fuel.2025.136646,Yixin Xu; Shiming Xu; Cheng Yue; Weifeng Chen; Huiying Zhang; Hui Jia; Wei Ran; Jinzhi Ni,https://openalex.org/W4413752696
Strong depth-dependent chemical and structural characteristics of dissolved organic matter (DOM) in organic-rich sediment in a shallow temperate lake,"Chenhui Wei, Shu Tao, Patrick G. Hatcher, Dongqiang Zhu",Geochimica et Cosmochimica Acta,https://doi.org/10.1016/j.gca.2025.05.002,Chenhui Wei; Shu Tao; Patrick G. Hatcher; Dongqiang Zhu,https://openalex.org/W4410064974
Process zone specific alteration of rare earth element (REE) patterns across the land–ocean transition of the southern North Sea,"Corinna Mori, Olaf Dellwig, Jochen Wollschläger, Michael Seidel",Geochimica et Cosmochimica Acta,https://doi.org/10.1016/j.gca.2025.06.017,Corinna Mori; Olaf Dellwig; Jochen Wollschläger; Michael Seidel,https://openalex.org/W4411969321
Hydrothermal mobilization and molecular transformations of dissolved organic matter from deep subsurface sediments,"Melina Knoke, Thorsten Dittmar, Jana Günther, ... , Michael Seidel (n=6)",Geochimica et Cosmochimica Acta,https://doi.org/10.1016/j.gca.2025.06.005,Melina Knoke; Thorsten Dittmar; Jana Günther; Philipp Böning; Andreas Teske; Michael Seidel,https://openalex.org/W4411125636
Contrasting photochemical behaviors between biogenic-sourced and combustion-sourced dissolved organic nitrogen,"Zhiyuan Zhang, Xiurui Cui, Chenhui Wei, ... , Dongqiang Zhu (n=6)",Geochimica et Cosmochimica Acta,https://doi.org/10.1016/j.gca.2025.10.036,Zhiyuan Zhang; Xiurui Cui; Chenhui Wei; Shuning Zang; Shu Tao; Dongqiang Zhu,https://openalex.org/W4415774616
Transportation and transformation of dissolved organic matter from overlying to bottom waters of cold seeps in the South China Sea: insights at the molecular level,"Shi Tang, Zhenwei Yan, Yuanbi Yi, ... , Penghui Li (n=7)",Global and Planetary Change,https://doi.org/10.1016/j.gloplacha.2025.104920,Shi Tang; Zhenwei Yan; Yuanbi Yi; Yuan Shen; Wei Xie; Ding He; Penghui Li,https://openalex.org/W4411114593
Long‐Term and Seasonal Drivers of Organic Matter in the Clearwater Tapajós River and Implications for the Amazon River Basin,"Martin R. Kurek, Rafael Corrêa Muniz, José Mauro Sousa de Moura, ... , Robert G. M. Spencer (n=7)",Global Biogeochemical Cycles,https://doi.org/10.1029/2025gb008545,Martin R. Kurek; Rafael Corrêa Muniz; José Mauro Sousa de Moura; Bernhard Peucker‐Ehrenbrink; R. M. Holmes; Amy M. McKenna; Robert G. M. Spencer,https://openalex.org/W4411505139
"Molecular Composition of Stream Dissolved Organic Matter in Cool-Temperate Forest Headwaters with Landslides, Northern Japan","Jun’ichiro Ide, Kenta Hara, Yohei Arata, ... , Takashi Gomi (n=7)",Hydrology,https://doi.org/10.3390/hydrology12030063,Jun’ichiro Ide; Kenta Hara; Yohei Arata; Izuki Endo; Mizue Ohashi; Hiroshi Nishimura; Takashi Gomi,https://openalex.org/W4408613360
Molecular-level study of the effect of nitrogen addition levels on soil dissolved organic matter composition in a desert steppe of northwest China,"Yan Wang, Bin Xue, Longwei Fu, ... , Georges Martial Ndzana (n=11)",International Journal of Biological Macromolecules,https://doi.org/10.1016/j.ijbiomac.2025.147494,Yan Wang; Bin Xue; Longwei Fu; Lingtong Du; Kun Ma; Ruili Gao; Kaiyang Qiu; Guohui Wang; Xiang Zheng; Xuying Hai; Georges Martial Ndzana,https://openalex.org/W4414036516
Molecular Humification Mechanisms of Dissolved Organic Matter during Maize Straw Composting Enhanced by Humus Soil Biomaterial: Paired-Molecule Mass Difference Reactomics Analysis Based on FT-ICR MS,"Zheng-Liang Du, Qing‐Long Fu, Jiayu Liu, Xiaoli Chai, Boran Wu",Journal of Agricultural and Food Chemistry,https://doi.org/10.1021/acs.jafc.5c05559,Zheng-Liang Du; Qing‐Long Fu; Jiayu Liu; Xiaoli Chai; Boran Wu,https://openalex.org/W4413140904
Sustainable transformation of DOM in sedimentation sludge water by UV-Fe2+/PAA: Toward cleaner production via FT-ICR MS,"Jingkai Chen, Ya Wang, Fangqi Peng, ... , Liwen Jiang (n=13)",Journal of Cleaner Production,https://doi.org/10.1016/j.jclepro.2025.145452,Jingkai Chen; Ya Wang; Fangqi Peng; Naixin Kang; Xuefan Rao; Wei Liu; Mi Deng; Ming Sun; Tong Zhen-gong; Guizhen Feng; Caixia Kang; Lili Fang; Liwen Jiang,https://openalex.org/W4409254057
Enclosure restoration regulates epiphytic microbial communities involved in carbon sequestration in a restored urban lake: A new insight from the stability of dissolved organic matter,"Siwen Hu, Dayong Zhao, Rujia He, Xiaojian Sun, Jin Zeng",Journal of Cleaner Production,https://doi.org/10.1016/j.jclepro.2025.145295,Siwen Hu; Dayong Zhao; Rujia He; Xiaojian Sun; Jin Zeng,https://openalex.org/W4408378092
Novel insights into the evolution of dissolved organic matter during different full-scale advanced treatment processes for textile secondary effluent,"Cheng Cheng, Chuanyang Liu, Jian Shen, ... , Jing Wu (n=9)",Journal of environmental chemical engineering,https://doi.org/10.1016/j.jece.2025.116266,Cheng Cheng; Chuanyang Liu; Jian Shen; Siting Wang; Xiaojin Wu; Qiuran Xiong; Hongmei Mu; Bingliang Zhang; Jing Wu,https://openalex.org/W4408954697
Pretreatments strategies and characterization techniques of dissolved organic matter in natural waters: A comprehensive review,"Chengyu Suo, Yatang Jin, Wensi Zhao, ... , Fengchang Wu (n=7)",Journal of environmental chemical engineering,https://doi.org/10.1016/j.jece.2025.118529,Chengyu Suo; Yatang Jin; Wensi Zhao; Shasha Liu; Lei Chen; Yue Qiu; Fengchang Wu,https://openalex.org/W4413015566
Applying synchronous fluorescence spectroscopy with Gaussian band fitting and high-resolution mass spectrometry to monitor dissolved organic matter characteristics changes in pharmaceutical wastewater,"Chenqiang Yang, Yujie Yu, Bo Yao, Jiansheng Cui, Haiying Yu",Journal of environmental chemical engineering,https://doi.org/10.1016/j.jece.2025.120499,Chenqiang Yang; Yujie Yu; Bo Yao; Jiansheng Cui; Haiying Yu,https://openalex.org/W4416733096
"Sustainable management of wastewater in an enclosed campus via an integrated treatment system: Pollutant removal, organic matter transformation, and microbial interactions","Hualiang Feng, Boxun Zhou, Jie Wu, Kan Wang, Zhaoji Zhang",Journal of environmental chemical engineering,https://doi.org/10.1016/j.jece.2025.120301,Hualiang Feng; Boxun Zhou; Jie Wu; Kan Wang; Zhaoji Zhang,https://openalex.org/W4416347513
Composition and contribution of disinfection by-product precursors in dissolved organic matter leached from aquatic plant residues,"Jiachang Pi, Tingting Gong, Lei Gao, ... , Guangcan Zhu (n=7)",Journal of environmental chemical engineering,https://doi.org/10.1016/j.jece.2025.117935,Jiachang Pi; Tingting Gong; Lei Gao; Xin Li; Yong‐Ze Lu; Hongyang Wang; Guangcan Zhu,https://openalex.org/W4412059393
"Advances in membrane bioreactor for landfill leachate treatment: A review of characterization, challenges, and novel configurations","Oumaima El Hachimi, Bikash R. Tiwari, Patrick Drogui, Satinder Kaur Brar, Jean‐François Blais",Journal of environmental chemical engineering,https://doi.org/10.1016/j.jece.2025.116653,Oumaima El Hachimi; Bikash R. Tiwari; Patrick Drogui; Satinder Kaur Brar; Jean‐François Blais,https://openalex.org/W4409446974
The intricate mechanism for refractory DOM conversion in the traditional treatment of coalbed methane produced water,"Tingting Zang, Yuanyuan Hu, Qiyue Kuang, Zhaoji Zhang",Journal of environmental chemical engineering,https://doi.org/10.1016/j.jece.2025.115923,Tingting Zang; Yuanyuan Hu; Qiyue Kuang; Zhaoji Zhang,https://openalex.org/W4407894071
Molecular-Level insights into dissolved organic matter degradation in persulfate/Fe²⁺-driven groundwater remediation,"Xiaoliang Zhao, Shaohui Feng, Juan Chen, ... , Bin Yang (n=7)",Journal of environmental chemical engineering,https://doi.org/10.1016/j.jece.2025.118300,Xiaoliang Zhao; Shaohui Feng; Juan Chen; Yunhui Zhang; Huizhen Cao; Lingjian Kong; Bin Yang,https://openalex.org/W4412658388
Molecular-level insights into the spatiotemporal variation of dissolved organic matter: Linking of FT-ICR MS with spectroscopy by rank correlation,"Zhenkun Chu, Yaqi Kang, Kemin Qi, ... , Zhaowei Wang (n=6)",Journal of environmental chemical engineering,https://doi.org/10.1016/j.jece.2025.116360,Zhenkun Chu; Yaqi Kang; Kemin Qi; Xiaoyun Xie; Siting Li; Zhaowei Wang,https://openalex.org/W4408984984
"Changes in dissolved organic matter chemistry of plateau lakes along gradients of human activity intensity in Yunnan Province, China","Lei Xu, Wenjun Zhong, Zetian Liu, ... , Aiwen Zhong (n=9)",Journal of Environmental Management,https://doi.org/10.1016/j.jenvman.2025.127513,Lei Xu; Wenjun Zhong; Zetian Liu; Qian Hu; Xin Xiong; Jianlin Tang; Tao Chen; Wei Liao; Aiwen Zhong,https://openalex.org/W4414765407
Revealing the effects and mechanisms of lake autochthonous dissolved organic matter on phosphorus sequestration by lanthanum-modified clay at the molecular level,"Tianlun Han, Yan Wang, Min-Hui Cai, ... , Ming Kong (n=6)",Journal of Environmental Management,https://doi.org/10.1016/j.jenvman.2025.125959,Tianlun Han; Yan Wang; Min-Hui Cai; Hongbin Yin; Huacheng Xu; Ming Kong,https://openalex.org/W4410811944
Machine learning uncovers tidal DOM transformations and keystone molecules via FT-ICR MS and reactomics for estuarine nutrient cycling,"Guosheng Zhao, Longfei Wang, Yi Li, ... , Li Lin (n=6)",Journal of Environmental Sciences,https://doi.org/10.1016/j.jes.2025.12.043,Guosheng Zhao; Longfei Wang; Yi Li; Jiaying Chen; Lihua Niu; Li Lin,https://openalex.org/W7116064364
Biochar-enhanced iron cycling in Fenton systems for the degradation and transformation of dissolved organic matter in hydrothermal liquid,"Hao Yu, Zhiwei Li, Jingxin Huang, Ruixia Han, Yin Wang",Journal of Environmental Sciences,https://doi.org/10.1016/j.jes.2025.12.076,Hao Yu; Zhiwei Li; Jingxin Huang; Ruixia Han; Yin Wang,https://openalex.org/W7117313633
Novel Insights Into the Molecular Characteristics of Dissolved Organophosphorus in Biomass Burning Smoke: Implication on the Environmental Stability and Cycling of Atmospheric Organophosphorus,"Weifeng Chen, Huiying Zhang, Shiming Xu, ... , Hui Jia (n=7)",Journal of Geophysical Research Atmospheres,https://doi.org/10.1029/2025jd043374,Weifeng Chen; Huiying Zhang; Shiming Xu; Zhigeng Wang; Qin Dai; Lingling Lv; Hui Jia,https://openalex.org/W4415827651
Signatures of Arctic Change: Molecular‐Level Composition and Bioavailability of Shifting Dissolved Organic Matter Sources,"Alexis Slentz, Amy M. McKenna, Anne M. Kellerman, ... , Robert G. M. Spencer (n=12)",Journal of Geophysical Research Biogeosciences,https://doi.org/10.1029/2025jg008899,Alexis Slentz; Amy M. McKenna; Anne M. Kellerman; Amy D. Holt; A. J. Burns; Max Miller; Sasha Wagner; Maria Tzortziou; Hugh G. Smith; Antonio Mannino; Jeffrey P. Chanton; Robert G. M. Spencer,https://openalex.org/W4412834755
Deciphering Microbially Driven Labile and Refractory Molecular Candidates in Dissolved Organic Matter,"Qi Chen, Jiaxin Chen, Ruanhong Cai, ... , Qiang Zheng (n=8)",Journal of Geophysical Research Biogeosciences,https://doi.org/10.1029/2024jg008484,Qi Chen; Jiaxin Chen; Ruanhong Cai; Chen He; Quan Shi; Chuanlun Zhang; Nianzhi Jiao; Qiang Zheng,https://openalex.org/W4407229586
Linking Microbial Communities and Molecular Transformations of Dissolved Organic Matter to the Fate of Nitrogen in Karst Aquifers,"Ruixuan Gai, Jing Bao, Wei Xiu, ... , Qiang Zhang (n=6)",Journal of Geophysical Research Biogeosciences,https://doi.org/10.1029/2025jg008961,Ruixuan Gai; Jing Bao; Wei Xiu; Fang Guo; Qiang Li; Qiang Zhang,https://openalex.org/W4414377707
Seasonality of Surface Dissolved Organic Matter Composition in the Northern Part of a Large Marginal Sea in an Extremely Dry Year,"Fu‐Tao Fang, ⎜Zhuoyi Zhu, Yuanbi Yi, Ding He",Journal of Geophysical Research Oceans,https://doi.org/10.1029/2024jc022019,Fu‐Tao Fang; ⎜Zhuoyi Zhu; Yuanbi Yi; Ding He,https://openalex.org/W4415372188
Significant role of sludge-derived organic matter in enhancing Cr (III) immobilization by jarosite: Insights from molecular selective adsorption and co-precipitation,"Jun Gao, Yunhui Zhang, Shijie Yuan, ... , Zuxin Xu (n=6)",Journal of Hazardous Materials,https://doi.org/10.1016/j.jhazmat.2025.137743,Jun Gao; Yunhui Zhang; Shijie Yuan; Lei Li; Bin Dong; Zuxin Xu,https://openalex.org/W4407942870
Molecular insights into the seasonal variation of fluorescent dissolved organic matter in a hydrologically isolated aquatic continuum,"Cheng Du, Zhibing Chang, Wenzhong Tang, ... , Hong Zhang (n=8)",Journal of Hydrology,https://doi.org/10.1016/j.jhydrol.2025.133620,Cheng Du; Zhibing Chang; Wenzhong Tang; Zhineng Hao; Meiyi Zhang; Xiaoyue Zhang; Muxing Liu; Hong Zhang,https://openalex.org/W4410856674
"Spatial and temporal variability in molecular characteristics of dissolved organic matter in a large freshwater lake: A case from the Dongting Lake, central China","Rui Xu, Yao Du, Tianming Wu, ... , Yanxin Wang (n=11)",Journal of Hydrology,https://doi.org/10.1016/j.jhydrol.2025.133831,Rui Xu; Yao Du; Tianming Wu; Xinrui Jiang; Baisong Deng; M. Li; Yiqun Gan; Mengjie Song; Shaobo Liao; Rui Zhang; Yanxin Wang,https://openalex.org/W4412049297
"Deciphering the impacts of main inflowing rivers on dissolved organic matter in Lake Daye using isotopes, optical spectroscopy, and FT-ICR MS during non-flood season","Xiaowen Lin, Xiaodong Wu, Bingfa Chen, ... , Zhenni Gao (n=8)",Journal of Hydrology,https://doi.org/10.1016/j.jhydrol.2025.134090,Xiaowen Lin; Xiaodong Wu; Bingfa Chen; Xuguang Ge; Chao Wu; Xincai Gu; Shunmei Zhu; Zhenni Gao,https://openalex.org/W4413297587
"Molecular characterization and transformation of dissolved organic matter in snow and meltwater from Baishui Glacier No. 1, Mt. Yulong","Lin Feng, Y. Liu, Hewen Niu, Jianzhong Xu",Journal of Mountain Science,https://doi.org/10.1007/s11629-025-9657-5,Lin Feng; Y. Liu; Hewen Niu; Jianzhong Xu,https://openalex.org/W4413028785
Evaluating the Chemical Reactivity of Wildfire-Derived Dissolved Organic Molecules: Glutathione Binding through Kendrick Mass Defect Analysis,"Hannah M. Hamontree, Patrick G. Hatcher",Journal of the American Society for Mass Spectrometry,https://doi.org/10.1021/jasms.5c00077,Hannah M. Hamontree; Patrick G. Hatcher,https://openalex.org/W4410326277
Photochemistry of Lake Taihu dissolved organic matter: Reactive species generation and effects on microcystin photodegradation,"Haishuo Wang, Xinke Tian, Jie Zhang, ... , Guoxiang Wang (n=6)",Journal of Water Process Engineering,https://doi.org/10.1016/j.jwpe.2025.108161,Haishuo Wang; Xinke Tian; Jie Zhang; Heyong Huang; Shiyin Li; Guoxiang Wang,https://openalex.org/W4411403172
Transformation of dissolved organic matter at molecular level during UV222/chlorine process,"Hu Chen-Yan, Jia-Nan Chen, Ling-Mei Gao, ... , Zheng-Yu Dong (n=10)",Journal of Water Process Engineering,https://doi.org/10.1016/j.jwpe.2025.109347,Hu Chen-Yan; Jia-Nan Chen; Ling-Mei Gao; Xiao-Cong Ma; Ming Zheng; Xiwei Yang; Jiaqi Yang; Tian-Hong Qiu; Hai-qing Ding; Zheng-Yu Dong,https://openalex.org/W7117142485
"Deciphering the optical properties and molecular composition of dissolved organic matter in estuarine constructed wetlands of Erhai Lake, Southwest China","Lei Xu, Jianlin Tang, Gang Wu, ... , Yansong Peng (n=10)",Journal of Water Process Engineering,https://doi.org/10.1016/j.jwpe.2025.108946,Lei Xu; Jianlin Tang; Gang Wu; Bangyao Zhong; Chongqing Yu; Aiwen Zhong; Qian Hu; Wei Liao; Tao Chen; Yansong Peng,https://openalex.org/W4415373850
Unraveling the molecular transformation of textile-dyeing wastewater DOM: A key to optimizing full-scale TDWW treatment performance,"Minru Liu, Xiaojun Niu, Zhenrong Lin, ... , Kai Li (n=8)",Journal of Water Process Engineering,https://doi.org/10.1016/j.jwpe.2025.107760,Minru Liu; Xiaojun Niu; Zhenrong Lin; Xuechang Ren; Kejing Fang; Zhihua Tang; Qizhe Fan; Kai Li,https://openalex.org/W4409783455
"Sodium percarbonate/Fe(II) pre-oxidation enhancing coagulation for shale oil flowback water decontamination: Identification, removal and transformation of dissolved organic matter","Siyi Zhang, Yongli He, Bo Yuan, ... , Wenshi Liu (n=6)",Journal of Water Process Engineering,https://doi.org/10.1016/j.jwpe.2025.107166,Siyi Zhang; Yongli He; Bo Yuan; Wanjin Hu; Lingli Li; Wenshi Liu,https://openalex.org/W4407149396
Molecular transformation of dissolved organic matter for shale gas flowback wastewater during ozonation treatment,"Yun Kong, Qingyun Zhou, Jiamiao Li, ... , Qi Chen (n=12)",Journal of Water Process Engineering,https://doi.org/10.1016/j.jwpe.2025.109097,Yun Kong; Qingyun Zhou; Jiamiao Li; Ziwei Zhou; Bin Wang; Wei Li; Yike Zhou; Yunjun Mei; Wenbin Hu; Xu Hui; Jin Shao; Qi Chen,https://openalex.org/W4416253062
Variation characteristics of dissolved organic matter along with functional microbes in a full-scale urban domestic wastewater treatment plant,"Yun Kong, Qingyun Zhou, Renjuan Wang, ... , Qi Chen (n=7)",Journal of Water Process Engineering,https://doi.org/10.1016/j.jwpe.2025.107626,Yun Kong; Qingyun Zhou; Renjuan Wang; Jiamiao Li; Jin Shao; Yimeng Fan; Qi Chen,https://openalex.org/W4409365455
Decipher the Persistence of Soil Dissolved Organic Matter Under Different Land Use Types Using Potential Molecular Transformations,"Aoping Mao, Jingming Zheng, Ziteng Wang, ... , Anning Miao (n=8)",Land Degradation and Development,https://doi.org/10.1002/ldr.70156,Aoping Mao; Jingming Zheng; Ziteng Wang; Fuhong Sun; Yimin Sang; Xiuyuan Chen; Yimiao Li; Anning Miao,https://openalex.org/W4413802697
Interdecadal Dynamics in the Chemodiversity of Soil Dissolved Organic Matter After the Conversion of Chinese Fir Plantations to Citrus Orchard,"Junquan Chen, Yanqi Guo, Xinyue Ma, ... , Qin Zhang (n=8)",Land Degradation and Development,https://doi.org/10.1002/ldr.70323,Junquan Chen; Yanqi Guo; Xinyue Ma; Lan Li; Guanjie Jiang; Long Peng; Taihui Zheng; Qin Zhang,https://openalex.org/W4416588284
Molecular evidence for depth‐dependent microbial transformation of dissolved organic matter into carboxyl‐rich alicyclic molecules in coastal marginal seas,"Yang Liu, Zhengguo Cui, Shulian Xie, Chao Ma, Yuqiu Wei",Limnology and Oceanography,https://doi.org/10.1002/lno.70306,Yang Liu; Zhengguo Cui; Shulian Xie; Chao Ma; Yuqiu Wei,https://openalex.org/W4417502193
Refining resolution settings for analysis of dissolved organic matter in varied natural environments by Fourier‐transform ion cyclotron resonance mass spectrometry,"Shuchai Gan, Shi-Ting Huang, Pengran Guo, ... , Zheng Gong (n=9)",Limnology and Oceanography Methods,https://doi.org/10.1002/lom3.10696,Shuchai Gan; Shi-Ting Huang; Pengran Guo; Ying Wu; Faming Wang; Bin Jiang; Yumei Song; Jia-Chuan Pan; Zheng Gong,https://openalex.org/W4411102515
Seasonal dynamics of DOM diversity and molecular composition in the NW Mediterranean Sea,"Nawal Bouchachi, Hélène Lavanant, Carlos Afonso, ... , Ortega-Retuerta Eva (n=7)",Marine Chemistry,https://doi.org/10.1016/j.marchem.2025.104562,Nawal Bouchachi; Hélène Lavanant; Carlos Afonso; Schmitz Isabelle; Barbara Marie; Ingrid Obernosterer; Ortega-Retuerta Eva,https://openalex.org/W4414121622
Phages Shape the Transformation of Organic Matter During Composting,"Yuanyuan Bao, Jan Dolfing, Ruirui Chen, ... , Youzhi Feng (n=10)",Microbial Biotechnology,https://doi.org/10.1111/1751-7915.70291,Yuanyuan Bao; Jan Dolfing; Ruirui Chen; Chongwen Qiu; Jianwei Zhang; Xin Zhou; Liang Liu; Yiming Wang; Xu Lin; Youzhi Feng,https://openalex.org/W7116712666
Unraveling the Molecular Composition and Reactivity Differentiation of Algae- and Macrophyte-Derived Dissolved Organic Matter in Plateau Lakes: Insights from Optical Properties and High Resolution Mass Spectrometry Characterization,"Qiuxing Li, Runyu Zhang, Haijun Yuan, Liying Wang, Shuxia Xu",Molecules,https://doi.org/10.3390/molecules30173510,Qiuxing Li; Runyu Zhang; Haijun Yuan; Liying Wang; Shuxia Xu,https://openalex.org/W4413796987
Molecular-level insights into derivation dynamics of microplastic-derived dissolved organic matter,"Shiting Liu, Xiamu Zelang, Chao Ma, ... , Jiunian Guan (n=8)",New Contaminants,https://doi.org/10.48130/newcontam-0025-0016,Shiting Liu; Xiamu Zelang; Chao Ma; Zhuoyu Li; Xinyue Wang; Hanyu Ju; Jingjie Zhang; Jiunian Guan,https://openalex.org/W4417014893
Sachbericht zum Verwendungsnachweis,"Michael Seidel, Dariya Baiko, Thorsten Dittmar",Open MIND,,Michael Seidel; Dariya Baiko; Thorsten Dittmar,https://openalex.org/W7128880355
Chemodiversity of soil dissolved organic matter complementally improved by stepwise elution and electrospray ionization modes,"Shasha Zhuo, Qin Rong, Qing‐Long Fu",Organic Geochemistry,https://doi.org/10.1016/j.orggeochem.2025.104965,Shasha Zhuo; Qin Rong; Qing‐Long Fu,https://openalex.org/W4407856541
Compositional convergence of dissolved organic matter from root litter to rhizosphere soil in a semiarid grassland of North China,"Xiaohan Mo, Zongxiao Zhang, Mengke Wang, ... , Junjian Wang (n=11)",Organic Geochemistry,https://doi.org/10.1016/j.orggeochem.2025.105061,Xiaohan Mo; Zongxiao Zhang; Mengke Wang; Qiang Zhang; Guodong Sun; Weifeng Hu; Guoping Chen; Deliang Kong; Chengcheng Dong; Hui Zeng; Junjian Wang,https://openalex.org/W4413890010
Insights into the complex nature of dissolved organic matter from plant residues using multiple spectroscopic techniques,"Zongtang Yang, Biswaranjan Mohanty, Feike A. Dijkstra, Georg Guggenberger, Balwant Singh",Organic Geochemistry,https://doi.org/10.1016/j.orggeochem.2025.105095,Zongtang Yang; Biswaranjan Mohanty; Feike A. Dijkstra; Georg Guggenberger; Balwant Singh,https://openalex.org/W4416643125
Implications of negative and positive electrospray ionization mode use on 21 T Fourier-transform ion cyclotron resonance mass spectrometric determined aquatic dissolved organic matter characteristics,"Amy M. Mckenna, Andrew S Wozniak, Tianyin Ouyang, Felix E. Agblemanyo",OSF Preprints (OSF Preprints),,Amy M. Mckenna; Andrew S Wozniak; Tianyin Ouyang; Felix E. Agblemanyo,https://openalex.org/W7112254989
"Historical inputs and biogeochemical transformations of dissolved organic matter since 1850 CE in a small plateau-lake, Southwest China","Shuaidong Li, Xiao‐Lei Wang, Jinliang Liu, ... , Changchun Huang (n=12)",Palaeogeography Palaeoclimatology Palaeoecology,https://doi.org/10.1016/j.palaeo.2025.112798,Shuaidong Li; Xiao‐Lei Wang; Jinliang Liu; Yanhui Zhang; Robert G. M. Spencer; Anne M. Kellerman; Amy M. McKenna; Xiaohua Ma; Quanliang Jiang; Tao Huang; Hao Yang; Changchun Huang,https://openalex.org/W4407134599
Logging disrupts the ecology of molecules in headwater streams,"Erika C. Freeman, Erik J. S. Emilson, Kara L. Webster, Thorsten Dittmar, Andrew J. Tanentzap",Proceedings of the National Academy of Sciences,https://doi.org/10.1073/pnas.2409104122,Erika C. Freeman; Erik J. S. Emilson; Kara L. Webster; Thorsten Dittmar; Andrew J. Tanentzap,https://openalex.org/W4413636972
Isolation and Identification of Mercury–Dissolved Organic Matter Complexes in Mercury–Humic Acid Suspensions,"Ghulam Hussain Qasim, Lisa Harris, Vaughn Mangal, ... , Charles T. Driscoll (n=6)",Rapid Communications in Mass Spectrometry,https://doi.org/10.1002/rcm.9986,Ghulam Hussain Qasim; Lisa Harris; Vaughn Mangal; Mario Montesdeoca; Svetoslava Todorova; Charles T. Driscoll,https://openalex.org/W4406376875
RO permeate DOM alteration and emerging oxidation byproduct formation in the UV/NHCl<sub>2</sub> and UV/NH<sub>2</sub>Cl processes in the presence of bromide,"Kun Wang, Yingying XIANG, Jean Philippe Croué, Hervé Gallard, Chii Shang",Rare & Special e-Zone (The Hong Kong University of Science and Technology),,Kun Wang; Yingying XIANG; Jean Philippe Croué; Hervé Gallard; Chii Shang,https://openalex.org/W7155469629
Advances in Glacier Biogeochemistry: A Global Survey of Dissolved Organic Matter in Glacial Meltwater,"Alexandre M. Anesio, Joel Barker, Lisa Bröder",Repository for Publications and Research Data (ETH Zurich),https://doi.org/10.3929/ethz-c-000799260,Alexandre M. Anesio; Joel Barker; Lisa Bröder,https://openalex.org/W7155507765
Logging disrupts the ecology of molecules in headwater streams,"Erika C. Freeman, Erik J.S. Emilson, Kara L. Webster, Thorsten Dittmar, Andrew J. Tanentzap",Repository for Publications and Research Data (ETH Zurich),https://doi.org/10.3929/ethz-c-000793234,Erika C. Freeman; Erik J.S. Emilson; Kara L. Webster; Thorsten Dittmar; Andrew J. Tanentzap,https://openalex.org/W7131225160
Geographical patterns and drivers of dissolved organic matter in the global ocean,"Jianjun Wang, Ang Hu, Yifan Cui, ... , Nianzhi Jiao (n=9)",Research Square,https://doi.org/10.21203/rs.3.rs-6624570/v1,Jianjun Wang; Ang Hu; Yifan Cui; Sarah K. Bercovici; Xiancai Lu; Jay T. Lennon; Janne Soininen; Yongqin Liu; Nianzhi Jiao,https://openalex.org/W4410280298
Characterizing Dissolved Organic Matter Composition in a Southeastern United States Watershed,"Hopper, Gwendolyn Marcelette",Scholar Commons (University of South Carolina),,"Hopper, Gwendolyn Marcelette",https://openalex.org/W7113474844
"Coagulation for pretreatment of blackwater from septic tank: performance, mechanism and dissolved organic matter removal property","Changjun He, Shikun Cheng, Zhen Yang, Zifu Li",Separation and Purification Technology,https://doi.org/10.1016/j.seppur.2025.134182,Changjun He; Shikun Cheng; Zhen Yang; Zifu Li,https://openalex.org/W4411966928
Removal efficiency and molecular transformation of dissolved organic matter in combined sewer overflow during micro-nano bubble ozonation treatment,"Cong Wang, Qing Xia, Yang Wang, ... , Zhen Zhou (n=7)",Separation and Purification Technology,https://doi.org/10.1016/j.seppur.2025.134940,Cong Wang; Qing Xia; Yang Wang; Chuanting Zhou; Xiaodan Zhao; Mian Wu; Zhen Zhou,https://openalex.org/W4413787749
The role of typical inorganic anions on the transformation of dissolved organic matters in catalytic ozonation,"Min Li, Zhouyang Li, Liya Fu, Zhikai Qin, Changyong Wu",Separation and Purification Technology,https://doi.org/10.1016/j.seppur.2025.133808,Min Li; Zhouyang Li; Liya Fu; Zhikai Qin; Changyong Wu,https://openalex.org/W4410879893
"Unravelling molecular transformation of dissolved organic matter in UV/Dichloroisocyanurate, UV/Chlorine, and UV/Chloramine processes using high resolution mass spectrometry","Quanfa Zhong, Wangbao Gong, Guangjun Wang, ... , Di He (n=9)",Separation and Purification Technology,https://doi.org/10.1016/j.seppur.2025.135032,Quanfa Zhong; Wangbao Gong; Guangjun Wang; Jun Xie; Jianshu Zhao; Qinghai Jin; Xiaoming Ma; Zhangxin Wang; Di He,https://openalex.org/W4414008798
Molecular-level determination of chloride-induced shifts in DOM transformation in UV/H2O2 and UV/PDS systems,"Zhepei Gu, Feiyan Fang, Xiaoyu Wang, Qibin Li",Separation and Purification Technology,https://doi.org/10.1016/j.seppur.2025.136396,Zhepei Gu; Feiyan Fang; Xiaoyu Wang; Qibin Li,https://openalex.org/W4417060290
Challenges in integrating dissolved organic matter chemodiversity into kinetic models of soil respiration,"Arjun Chakrawal, Odeta Qafoku, Satish Karra, John Bargar, Emily Graham",Soil Biology and Biochemistry,https://doi.org/10.1016/j.soilbio.2025.109954,Arjun Chakrawal; Odeta Qafoku; Satish Karra; John Bargar; Emily Graham,https://openalex.org/W4413781021
Vegetation restoration shapes soil organic matter chemistry and microbial processes,"Shuzhen Wang, Wenxin Chen, Kate V. Heal, ... , Chuifan Zhou (n=7)",Soil Biology and Biochemistry,https://doi.org/10.1016/j.soilbio.2025.109970,Shuzhen Wang; Wenxin Chen; Kate V. Heal; Jingjing Liang; Weijuan Qiu; Yuanchun Yu; Chuifan Zhou,https://openalex.org/W4414030672
Organic matter accelerated microbial iron reduction and available phosphorus release in reflooded paddy soils,"Xipeng Liu, Yuchen Shu, Kejie Li, ... , Xianyong Lin (n=8)",Soil Ecology Letters,https://doi.org/10.1007/s42832-025-0316-0,Xipeng Liu; Yuchen Shu; Kejie Li; Haotian Wang; Qing-Fang Bi; Haibo Wang; Chengliang Sun; Xianyong Lin,https://openalex.org/W4410701578
Organic Fertilization-Derived Lignin Alters the Dissemination of Antibiotic Resistance Genes from Soil to the Rhizosphere,"Bing-Jie Jin, Song-Can Chen, Bi-Xiao Ji, ... , Gang Li (n=8)",SSRN Electronic Journal,https://doi.org/10.2139/ssrn.5839293,Bing-Jie Jin; Song-Can Chen; Bi-Xiao Ji; Hai-Bo Wang; Xin-Yuan Li; Yi Zhao; Kai Ding; Gang Li,https://openalex.org/W7108084257
"Coagulation for Pretreatment of Blackwater from Septic Tank: Performance, Mechanism and Dissolved Organic Matter Removal Property","Changjun He, Shikun Cheng, Zhen Yang, Zifu Li",SSRN Electronic Journal,https://doi.org/10.2139/ssrn.5251295,Changjun He; Shikun Cheng; Zhen Yang; Zifu Li,https://openalex.org/W4410300169
Molecular Insights into the Seasonal Variation of Fluorescent Dissolved Organic Matter in an Isolated Aquatic Continuum,"Cheng Du, Wenzhong Tang, Zhineng Hao, ... , Hong Zhang (n=8)",SSRN Electronic Journal,https://doi.org/10.2139/ssrn.5132779,Cheng Du; Wenzhong Tang; Zhineng Hao; Meiyi Zhang; Xiaoyue Zhang; Muxing Liu; Zhibing Chang; Hong Zhang,https://openalex.org/W4407390665
Thermal Hydrolysis-Induced Molecular Transformations in Sludge: Implications for Photochemical Reactivity and Dissolved Antibiotics Photodissipation,"Haifeng Wen, Xin Wang, Xinchao Zhang, ... , P J Wu (n=7)",SSRN Electronic Journal,https://doi.org/10.2139/ssrn.5101167,Haifeng Wen; Xin Wang; Xinchao Zhang; Yiyang He; Lin Gu; Hanlin Zhang; P J Wu,https://openalex.org/W4406525270
Molecular Composition of Soil-Derived Dissolved Organic Matter Regulates Photodegradation of 6PPD-Quinone,"Jiale Liu, Linbin Zhu, Hua Yin, ... , Junfeng Niu (n=7)",SSRN Electronic Journal,https://doi.org/10.2139/ssrn.5732769,Jiale Liu; Linbin Zhu; Hua Yin; Yibo Yuan; Yuhao Cai; Shaoyu Tang; Junfeng Niu,https://openalex.org/W7104689647
"Mechanism of Organic Carbon Composition and Characteristics Driving the Differentiation of Greenhouse Gas (Ch4, Co2 and N2o) Production: Evidence from Ft-Icr Ms and Metagenomics","Jingjie Zhang, Chunlan Li, Meng How Tan, ... , Yanxia Zuo (n=10)",SSRN Electronic Journal,https://doi.org/10.2139/ssrn.5252414,Jingjie Zhang; Chunlan Li; Meng How Tan; Liping Yu; Zhenghan Liu; Lingling Wan; Xiuyun Cao; Yiyong Zhou; Chunlei Song; Yanxia Zuo,https://openalex.org/W4410325911
Municipal effluent alters molecular signatures of DOM-microbial interactions in receiving river,"Peipei Chen, Jianfeng Ye, Xin Sun, ... , Zuxin Xu (n=9)",SSRN Electronic Journal,https://doi.org/10.2139/ssrn.5731902,Peipei Chen; Jianfeng Ye; Xin Sun; Qing Wei; Wencan Zhang; Feng Hu; Zhanzhan Yuan; Jingyi Zhang; Zuxin Xu,https://openalex.org/W4416076951
Iron-modified cement hydration regulates DOM transformation and carbon stabilization in soil-concrete systems during rainfall-runoff,"Qiao Li, Yipeng Wang, Jiuxian Yang, ... , Yi Xu (n=8)",SSRN Electronic Journal,https://doi.org/10.2139/ssrn.5731658,Qiao Li; Yipeng Wang; Jiuxian Yang; Wenyou Wu; Jiyuan Jin; Xinchao Zhang; Yuanyuan Pei; Yi Xu,https://openalex.org/W4416076030
A Novel Single-Chamber Bio-Electro-Fenton for E2-3s Removal: Insights into the Effects of Wastewater-Derived Dom Composition from Molecular and Species Levels,"Qingmiao Yu, Linchang Guan, Fuzheng Zhao, ... , Jinju Geng (n=7)",SSRN Electronic Journal,https://doi.org/10.2139/ssrn.5130995,Qingmiao Yu; Linchang Guan; Fuzheng Zhao; Yi Bao; Yue Rao; Hongqiang Ren; Jinju Geng,https://openalex.org/W4407319940
Microbial functional shifts along a peach monoculture and replant soil chronosequence are driven by dissolved organic matter dynamics,"Xiangyu Liu, Qingnan Chu, Detian Li, ... , chengrong chen (n=10)",SSRN Electronic Journal,https://doi.org/10.2139/ssrn.5669233,Xiangyu Liu; Qingnan Chu; Detian Li; Shuai Yin; Chunxi Li; Jinnan Shen; Hua Wang; Min Zhang; Zhimin Sha; chengrong chen,https://openalex.org/W4415598541
Molecular evidence from FT-ICR MS and Bayesian mixing model reveals hillslope soils as dominant DOM contributors during rainfall,"Xiaodie Hu, Wanying Yan, Silin Ma, ... , Zhihua Shi (n=6)",SSRN Electronic Journal,https://doi.org/10.2139/ssrn.5908150,Xiaodie Hu; Wanying Yan; Silin Ma; Jian Wang; Haibing Xiao; Zhihua Shi,https://openalex.org/W7114913458
Microbial Processes Dominate Dom Degradation in Alpine Karst Lakes Over Photochemical Effects,"Yanbao Lei, Qianqian You, Hanyong Zeng, ... , Geng Sun (n=9)",SSRN Electronic Journal,https://doi.org/10.2139/ssrn.5185882,Yanbao Lei; Qianqian You; Hanyong Zeng; Muhammad Ibrar; Dalin Zhu; Demeng Zhao; Yutao Cao; Yunde Zhang; Geng Sun,https://openalex.org/W4408602657
Effects of Coal Rank and Subsurface Thermal Conditions on the Optical and Molecular Characteristics of Dissolved Organic Matter,"Zepeng Wan, Pengfei Lu, Wei Zou, ... , Baisheng Nie (n=7)",SSRN Electronic Journal,https://doi.org/10.2139/ssrn.5405510,Zepeng Wan; Pengfei Lu; Wei Zou; Shun Yang; Yangcheng Xu; Yanqing Wu; Baisheng Nie,https://openalex.org/W4413630308
Molecular composition changes of soil dissolved organic matter (SDOM) during non-thermal plasma treatment,"Zhendong Li, Zhuyu Sun, Lulu Chen, Yanan Liu",SSRN Electronic Journal,https://doi.org/10.2139/ssrn.5646261,Zhendong Li; Zhuyu Sun; Lulu Chen; Yanan Liu,https://openalex.org/W4415461728
Strong reprocessing of dissolved organic matter along South-to-North water diversion,"Xiaofeng Cao, Jie Wang, Zitong Sun, ... , Jiuhui Qu (n=10)",The Innovation Geoscience,https://doi.org/10.59717/j.xinn-geo.2025.100170,Xiaofeng Cao; Jie Wang; Zitong Sun; Jianghao Ji; Jiangyong Chu; Yuewei Wang; Weixiao Qi; Jianfeng Peng; Huijuan Liu; Jiuhui Qu,https://openalex.org/W4416590705
Decreased stability of soil dissolved organic matter under disturbance of periodic flooding and drying in reservoir drawdown area,"Shengman Zhang, Yuchun Wang, Ming Sheng, ... , Fushun Wang (n=9)",The Science of The Total Environment,https://doi.org/10.1016/j.scitotenv.2025.178973,Shengman Zhang; Yuchun Wang; Ming Sheng; Xueping Chen; Zi-Yuan Zhang; Shanze Li; Yong Qin; Pingqing Fu; Fushun Wang,https://openalex.org/W4408068584
Imprint of incomplete combustion processes on the water column of the anthropogenic-pressured Baltic Sea,"Tassiana Soares Gonçalves Serafim, Detlef E. Schulz‐Bull, Christopher P. Rüger, ... , Helena Osterholz (n=8)",The Science of The Total Environment,https://doi.org/10.1016/j.scitotenv.2025.178537,Tassiana Soares Gonçalves Serafim; Detlef E. Schulz‐Bull; Christopher P. Rüger; Thorsten Dittmar; Jutta Niggemann; Ralf Zimmermann; Joanna J Waniek; Helena Osterholz,https://openalex.org/W4406691635
"sea4soCiety-DOM - AP2 - Kohlenstoff Qualität und Quellen: Rekalzitranz und Sequestrierung von organischem Material; Projekt: ""Rekalzitranz von gelöstem organischem Material aus Küstenökosystemen""","Michael Seidel, Dariya Baiko, Thorsten Dittmar",TIB Repositorium,https://doi.org/10.34657/29593,Michael Seidel; Dariya Baiko; Thorsten Dittmar,https://openalex.org/W7128734240
Formation of regulated and novel disinfection by-products during chlorine and chlorine dioxide disinfection of surface water and groundwater,"Nihemaiti, Maolida, Wullenweber, Jon, Stefanoni, Mattia, ... , Reemtsma, Thorsten (n=9)",TUHH Open Research,https://doi.org/10.15480/882.16297,"Nihemaiti, Maolida; Wullenweber, Jon; Stefanoni, Mattia; Kahle, Laura; Lechtenfeld, Oliver J.; Cantoni, Beatrice; Antonelli, Manuela; Ernst, Mathias; Reemtsma, Thorsten",https://openalex.org/W7115004878
Liquid chromatography Fourier transform ion cyclotron resonance mass spectrometry (LC-FT-ICR MS) and 1H NMR data from peat pore water and north sea water and LC-MS data for labeled model compounds,"Rodrigues Matos, Rebecca, Craig, Alexander, Tebben, Jan, ... , Lechtenfeld, Oliver (n=8)",UFZ Datenrechercheportal,https://doi.org/10.48758/ufz.16221,"Rodrigues Matos, Rebecca; Craig, Alexander; Tebben, Jan; Kaesler, Jan Michael; Koch, Boris P.; Hawkes, Jeffrey; Zherebker, Alexander; Lechtenfeld, Oliver",https://openalex.org/W7104377784
The Utilization of Dissolved Organic Matter Spectral and Molecular Properties in Freshwater Eutrophication Studies: A Mini Review,"Wengang Yan, Jun Xing, Chunzhao Chen, Yihua Xiao, Changqing Liu",Water,https://doi.org/10.3390/w17020151,Wengang Yan; Jun Xing; Chunzhao Chen; Yihua Xiao; Changqing Liu,https://openalex.org/W4406174665
Microscopic mechanism of organic carbon sequestration and redox properties influenced by iron (Oxyhydr)oxides,"Chuanjin Lin, Bin Dong, Zuxin Xu",Water Research,https://doi.org/10.1016/j.watres.2025.123220,Chuanjin Lin; Bin Dong; Zuxin Xu,https://openalex.org/W4406999605
Spatiotemporal changes in dissolved organic matter chemodiversity and its interaction with microbial composition in heavy-metal polluted river,"Chun Liu, Rujie Li, Yuheng Zhang, ... , Xiufeng Zhang (n=12)",Water Research,https://doi.org/10.1016/j.watres.2025.124738,Chun Liu; Rujie Li; Yuheng Zhang; Lijie Zhang; Zhaoling Liu; Ping Li; Guanghui Fan; Yingjie Zhu; Yue Zuo; Xule Liu; Zhiyong Fu; Xiufeng Zhang,https://openalex.org/W4415063613
The impact of water-sediment regulation scheme (WSRS) on the chemistry of dissolved organic matter in the Yellow River estuary and adjacent waters,"Donglei Niu, Yanfang Li, Yang Tan, ... , Jianhui Tang (n=7)",Water Research,https://doi.org/10.1016/j.watres.2025.123669,Donglei Niu; Yanfang Li; Yang Tan; Chao Ma; Yulin Qi; Yanan Li; Jianhui Tang,https://openalex.org/W4409535280
Impact of organic carbon concentration on the molecular properties and assembly of riverine dissolved organic matter,"Feijian Mao, Changbing Liu, Guoliang Li, ... , Wenxuan Li (n=9)",Water Research,https://doi.org/10.1016/j.watres.2025.124261,Feijian Mao; Changbing Liu; Guoliang Li; Yuli Wang; Qiyi Yuan; Karina Yew‐Hoong Gin; Huifang Zhang; Xu Chen; Wenxuan Li,https://openalex.org/W4412707806
Unraveling the links between molecular weight and multidimensional dynamics of dissolved organic matter in the runoff from gentle sloping land under rainfall,"Guo Chen, Hao Wang, Qiang Zhang, ... , Ding He (n=11)",Water Research,https://doi.org/10.1016/j.watres.2025.124061,Guo Chen; Hao Wang; Qiang Zhang; Chao Chang; Fei Wang; Qingwei Zhang; Jian Wang; Yu Pang; Ming Li; Biao Zhu; Ding He,https://openalex.org/W4411487040
Molecular-level insights into dissolved organic matter during Ulva prolifera degradation and its regulation on the environmental behaviour of the organic pollutant tributyl phosphate,"Hanwen Hu, Chengmin Wang, Xuexi Tang, ... , Xinxin Zhang (n=7)",Water Research,https://doi.org/10.1016/j.watres.2025.123436,Hanwen Hu; Chengmin Wang; Xuexi Tang; Ying Wang; Xiaoyang Jian; Suyang Liu; Xinxin Zhang,https://openalex.org/W4408247899
Exploring the chemical behaviors of dissolved organic matter to thermal hydrolysis temperature at the molecular level and its fate in anaerobic membrane bioreactor,"Jian Yin, Teng Cai, Yizhi Zhang, ... , Guangyin Zhen (n=8)",Water Research,https://doi.org/10.1016/j.watres.2025.123650,Jian Yin; Teng Cai; Yizhi Zhang; Qicai Dai; Yijing Gao; Siqin Li; Xueqin Lü; Guangyin Zhen,https://openalex.org/W4409452346
Reforming solid-liquid interfacial chemical compositions of anaerobic digestate liquor through rapid subcritical hydrothermal treatment with implications on enhanced colloidal solid removal,"Jieling Feng, Xiaoli Chai, Xiaohu Dai, Boran Wu",Water Research,https://doi.org/10.1016/j.watres.2025.125076,Jieling Feng; Xiaoli Chai; Xiaohu Dai; Boran Wu,https://openalex.org/W4416812883
Rainfall shapes CO₂ emission and dissolved organic matter dynamics in a karst catchment: Controlling factors revealed by isotopic and molecular signatures,"Jinfeng Ge, Yulin Qi, Yuanbi Yi, ... , Si‐Liang Li (n=11)",Water Research,https://doi.org/10.1016/j.watres.2025.124875,Jinfeng Ge; Yulin Qi; Yuanbi Yi; Chao Ma; Wenrui Yao; Xin Liu; Haoyang Wang; Keyan Li; Fu‐Jun Yue; Tao Peng; Si‐Liang Li,https://openalex.org/W4415704681
Ecological regime shifts weaken sedimentary carbon sequestration in shallow Lake liangzi,"Jinglin Hou, Qi Lin, Jiasheng Zhang, ... , Michael E. Meadows (n=11)",Water Research,https://doi.org/10.1016/j.watres.2025.125173,Jinglin Hou; Qi Lin; Jiasheng Zhang; Shixin Huang; Yuan Jin; Yanhua Wang; Haibo He; Pierre Taillardat; David Taylor; Ke Zhang; Michael E. Meadows,https://openalex.org/W4417525041
Sediment amplifies organic matter cycling and nutrients feedback in eutrophic lake zones,"Jun Xing, Yuping Zhou, Ding He, ... , Yihua Xiao (n=10)",Water Research,https://doi.org/10.1016/j.watres.2025.124164,Jun Xing; Yuping Zhou; Ding He; Fen Guo; Penghui Li; Yuan Zhang; Rui Lv; Runze Xue; Changqing Liu; Yihua Xiao,https://openalex.org/W4412026663
Integrating dual-stage gas permeable membranes and humic acid recovery to optimize fenton oxidation of landfill leachate: Insights into full-process performance and DOM molecular-level transformation,"Linjun Wu, Huan Li, Yanyue Gu, ... , Jiane Zuo (n=6)",Water Research,https://doi.org/10.1016/j.watres.2025.123525,Linjun Wu; Huan Li; Yanyue Gu; Zhiqiang Shen; Yuexi Zhou; Jiane Zuo,https://openalex.org/W4408675028
Seasonal and longitudinal dynamics of DOM within headwater streams of a tropical evergreen forest,"Samantha N. Sullivan, Jennifer C. Bowen, Louis A. Kaplan, Rose M. Cory, Patrick G. Hatcher",Water Research,https://doi.org/10.1016/j.watres.2025.123668,Samantha N. Sullivan; Jennifer C. Bowen; Louis A. Kaplan; Rose M. Cory; Patrick G. Hatcher,https://openalex.org/W4409870474
Chemically recalcitrant molecules are the primary components regulating the electron-donating capacity (EDC) of dissolved organic matter,"Sihua Zhu, Peijie Yang, Peili Tian, ... , Tao Jiang (n=12)",Water Research,https://doi.org/10.1016/j.watres.2025.124316,Sihua Zhu; Peijie Yang; Peili Tian; Siqi Zhang; Shanyi Tian; Yongguang Yin; Jitao Lv; Caiyun Yang; Zhongbo Zhou; Zhenwu Tang; Dingyong Wang; Tao Jiang,https://openalex.org/W4413054877
The role of dissolved organic matter in fuelling coastal hypoxia: Identifying key molecules and drivers,"Wenzhao Liang, Penghui Li, Yifei Pan, ... , Ding He (n=12)",Water Research,https://doi.org/10.1016/j.watres.2025.124210,Wenzhao Liang; Penghui Li; Yifei Pan; Zhe‐Xuan Zhang; Yuanbi Yi; Zhao Liang Chen; Chen Zhao; Ruanhong Cai; Zekun Zhang; Christian Lønborg; Jianping Gan; Ding He,https://openalex.org/W4412456422
Methane biogeochemical turnover constrains arsenic transformation in groundwater systems: Organic molecular signatures and microbial functional networks,"Xianjun Xie, E. Anu Li, Honglin Jiang, ... , Shuai Shen (n=6)",Water Research,https://doi.org/10.1016/j.watres.2025.125083,Xianjun Xie; E. Anu Li; Honglin Jiang; Kunfu Pi; Yanhui Lu; Shuai Shen,https://openalex.org/W4416817620
Coupling electrooxidation-coagulation with membrane distillation using recycled Al can cathodes for sustainable landfill leachate treatment: Fouling control and mechanism insights,"Xin Zhang, Jiayu Luo, Tianwei Hao, ... , Yang Lei (n=6)",Water Research,https://doi.org/10.1016/j.watres.2025.124415,Xin Zhang; Jiayu Luo; Tianwei Hao; Xin Liu; Chongxuan Liu; Yang Lei,https://openalex.org/W4413297125
Organic molecular network analysis reveals transformation signatures of dissolved organic matter during anaerobic digestion process,"Xingsheng Yang, Xi Peng, Kai Feng, ... , Ye Deng (n=6)",Water Research,https://doi.org/10.1016/j.watres.2025.123777,Xingsheng Yang; Xi Peng; Kai Feng; Shang Wang; Zou Xiao; Ye Deng,https://openalex.org/W4410056013
Iron and sulfate reduction vs. methanogenesis: Contrasting terminal anaerobic organic matter degradation pathways regulate groundwater iodine enrichment,"Yamin Deng, Yuxiao Xu, Jiangkai Xue, Yao Du, Yanxin Wang",Water Research,https://doi.org/10.1016/j.watres.2025.124788,Yamin Deng; Yuxiao Xu; Jiangkai Xue; Yao Du; Yanxin Wang,https://openalex.org/W4415082358
Plastispheres as unique niches for promoting turnover of dissolved organic matter in aquatic environments,"Yanjun Liu, Zhenghao Li, Yan‐Yun Hu, ... , Guo‐Ping Sheng (n=6)",Water Research,https://doi.org/10.1016/j.watres.2025.124191,Yanjun Liu; Zhenghao Li; Yan‐Yun Hu; Jia-Heng Zhao; Yuan Li; Guo‐Ping Sheng,https://openalex.org/W4412422479
Dissolved organic matter in surface sediments along a river-to-ocean continuum: Molecular characteristics and sediment–water exchange dynamics,"Zekun Zhang, Peng Yao, Bin Zhao, ... , Ding He (n=10)",Water Research,https://doi.org/10.1016/j.watres.2025.125238,Zekun Zhang; Peng Yao; Bin Zhao; Yuanbi Yi; Zhao Liang Chen; Chen Zhao; Ruanhong Cai; Wenzhao Liang; Chenglong Wang; Ding He,https://openalex.org/W4417527120
Iron (oxyhydr)oxide-driven chemodiversity in algal-derived dissolved organic matter: Mechanistic coupling of electron transfer and radical-induced bond cleavage under light and dark conditions,"Zelong Yan, Minhan Pi, Tingting You, ... , Xiangfeng Zeng (n=6)",Water Research X,https://doi.org/10.1016/j.wroa.2025.100364,Zelong Yan; Minhan Pi; Tingting You; Li Wang; Shaofeng Wang; Xiangfeng Zeng,https://openalex.org/W4411312532
Lake dissolved organic matters seasonal variations is a main driver of N2O emission: In molecular insights by using FT-ICR MS,"Zezheng Wang, Lu Li, Chengchao Liao, ... , Kang Song (n=7)",Water Research X,https://doi.org/10.1016/j.wroa.2025.100321,Zezheng Wang; Lu Li; Chengchao Liao; Min Deng; Senbati Yeerken; Yongxia Huang; Kang Song,https://openalex.org/W4407426064
Properties of iron-bound organic carbon and its implications for the conservation of coastal wetland vegetation,"Zihan Zheng, Yanting Zhang, Qing‐Ying Yu, ... , Yulin Qi (n=7)",Water Research X,https://doi.org/10.1016/j.wroa.2025.100368,Zihan Zheng; Yanting Zhang; Qing‐Ying Yu; Tingcang Hu; Chao Ma; Chunmei Chen; Yulin Qi,https://openalex.org/W4411511249
Exploring the Complex Dynamics of Dissolved Organic Matter Across Diverse Ecosystems in Padilla Bay,"Karp, Lauren",Western CEDAR (Western Washington University),,"Karp, Lauren",https://openalex.org/W7111810448
Challenges in Integrating Dissolved Organic Matter Chemodiversity into Kinetic Models of Soil Respiration,"Arjun Chakrawal, Odeta Qafoku, Satish Karra, John Bargar, Emily Graham",—,https://doi.org/10.31223/x5dh7z,Arjun Chakrawal; Odeta Qafoku; Satish Karra; John Bargar; Emily Graham,https://openalex.org/W4406819094
"Deoxygenation effects on the interaction between microbial metabolisms and dissolved organic matter cycling in the seasonally anoxic Mariager Fjord (Denmark, North Sea)","Gonzalo V. Gomez‐Saez, Katharina Muschler, Ömer K. Coskun, ... , Ian P. G. Marshall (n=11)",—,https://doi.org/10.5194/egusphere-egu25-17670,Gonzalo V. Gomez‐Saez; Katharina Muschler; Ömer K. Coskun; Marit Renken; Marina García-Llorca; Louison Nicolas-Asselineau; Linus M Zeller; Jana Milucka; Thorsten Dittmar; William D. Orsi; Ian P. G. Marshall,https://openalex.org/W4408486268
Heterogeneity in composition and reactivity of dissolved organic matter and metal partitioning in soil,Hui Gao,—,https://doi.org/10.18174/680941,Hui Gao,https://openalex.org/W4408462094
Improving the estimation of DOC concentrations and aromaticity from optical measurements,Kathleen R. Murphy,—,https://doi.org/10.5194/egusphere-egu25-4423,Kathleen R. Murphy,https://openalex.org/W4408440004
Influence of oxygen concentration on the elemental and molecular composition of marine dissolved organic matter in anoxic basins,"Marit Renken, Thorsten Dittmar, Lennart Stock, ... , Gonzalo V. Gomez‐Saez (n=6)",—,https://doi.org/10.5194/egusphere-egu25-10016,Marit Renken; Thorsten Dittmar; Lennart Stock; Felix J. Elling; Ian P. G. Marshall; Gonzalo V. Gomez‐Saez,https://openalex.org/W4408426431
Transportation and Transformation of Dissolved Organic Matter from Overlying to Bottom Waters of Cold Seeps in the South China Sea: Insights at the Molecular Level&amp;#160;,"Shi Tang, Zhenwei Yan, Yuanbi Yi, ... , Penghui Li (n=7)",—,https://doi.org/10.5194/egusphere-egu25-2677,Shi Tang; Zhenwei Yan; Yuanbi Yi; Yuan Shen; Wei Xie; Ding He; Penghui Li,https://openalex.org/W4408443706
Efficient microbial sequestration of organic nitrogen in the eastern Indian Ocean,"Y. Zhang, Shuchai Gan, Ying Wu, Jing Zhang, Qi Ye",—,https://doi.org/10.5194/egusphere-egu25-9137,Y. Zhang; Shuchai Gan; Ying Wu; Jing Zhang; Qi Ye,https://openalex.org/W4408475359
Transformation of dissolved organic matter and its model compounds by dichlorine monoxide and the corresponding generation of chloro-organic byproducts,Yixiao Duan,—,https://doi.org/10.14711/thesis-hdl152563,Yixiao Duan,https://openalex.org/W4414315388
