title,authors,journal,doi,all_authors
A Sustainable and Scalable Paradigm for Multidimensional Pollution Control of Livestock Wastewater Using Millimeter-Scale Bimetallic Chitosan Beads,"Yudan Dong, Shu-Run Yang, Yunzhe Zheng, ... , Bo Lai (n=10)",ACS ES&T Engineering,https://doi.org/10.1021/acsestengg.5c00241,Yudan Dong; Shu-Run Yang; Yunzhe Zheng; Jiamei Liu; Xin Wang; Peng Zhou; Jing Zhang; Zhaokun Xiong; Chuan-Shu He; Bo Lai
Salinity Stress Modulates the Dynamic Co-occurrence Interactions between DOM and Microbial Community Profiles in a Typical River–Estuary–Ocean Continuum: From the Pearl River to South China Sea,"Chao Zhang, Yingqiang Li, Junyu Zhu, ... , Mingzhi Huang (n=15)",ACS ES&T Water,https://doi.org/10.1021/acsestwater.4c00832,Chao Zhang; Yingqiang Li; Junyu Zhu; Zhe Zhang; Yue Xie; Shuna Fu; Wanbing Zheng; Zihan Shen; Bangxing Ren; Zhenguo Chen; Haijun He; Guang‐Guo Ying; Harald Horn; Amy M. McKenna; Mingzhi Huang
Revealing the Role of Biochar-Derived Dissolved Organic Matter during the Degradation of Sulfamethoxazole by Zero-Valent Iron-Activated Persulfate,"Chunhui Zhang, Jing Ji, Huijie Hu, ... , Hongwen Sun (n=8)",ACS ES&T Water,https://doi.org/10.1021/acsestwater.5c00603,Chunhui Zhang; Jing Ji; Huijie Hu; F. Y. Li; Ruomeng Li; Peng Zhang; Cuiping Wang; Hongwen Sun
"Molecular Evidence of the Promotion of Refractory Dissolved Organic Matter through Anthropogenic DOM Inputs to the Fen River, China","Gong Chen, Shouliang Huo, Jingtian Zhang, Hanxiao Zhang, Nanyan Weng",ACS ES&T Water,https://doi.org/10.1021/acsestwater.5c00465,Gong Chen; Shouliang Huo; Jingtian Zhang; Hanxiao Zhang; Nanyan Weng
Heteroatoms in Dissolved Organic Matter: Their Role in Adsorption and Dynamic Assembly on Activated Carbon,"Jian Liu, Shaohua Chen, Ying Xu, ... , Jianzhi Huang (n=7)",ACS ES&T Water,https://doi.org/10.1021/acsestwater.5c00409,Jian Liu; Shaohua Chen; Ying Xu; Mengyi Shi; Kai Zhang; Othman Al‐Mashaqbeh; Jianzhi Huang
Microbial Control on Dissolved Organic Matter Composition along the South-to-North Water Diversion Middle Route Project,"Peilian Zhang, Hanxiao Zhang, Zhanyao Shi, ... , Shouliang Huo (n=6)",ACS ES&T Water,https://doi.org/10.1021/acsestwater.5c00138,Peilian Zhang; Hanxiao Zhang; Zhanyao Shi; Weihui Huang; Jing Wang; Shouliang Huo
Effects of Eluate Drying on the Chemodiversity of Dissolved Organic Matter Revealed by Ultrahigh-Resolution Mass Spectrometry,"Xinyi Chen, Qing‐Long Fu, Ziyong Sun",ACS Measurement Science Au,https://doi.org/10.1021/acsmeasuresciau.5c00055,Xinyi Chen; Qing‐Long Fu; Ziyong Sun
Molecular Fingerprints and Reactivity Evolution of Dissolved Organic Matter Leached from Coal under Geothermal Conditions,"Zepeng Wan, Peng Lu, Sha Yang, ... , Baisheng Nie (n=6)",ACS Omega,https://doi.org/10.1021/acsomega.5c08211,Zepeng Wan; Peng Lu; Sha Yang; Yangcheng Xu; Yanqing Wu; Baisheng Nie
Medium molecular weight carbon fractions of DOM: Driving soil microbial community differentiation and soil organic carbon sequestration,"Jinkang Yang, Yanan Ren, Shaomin Huang, ... , Xiaolei Jie (n=9)",Agriculture Ecosystems & Environment,https://doi.org/10.1016/j.agee.2025.109688,Jinkang Yang; Yanan Ren; Shaomin Huang; Liping Weng; Yongtao Li; Hongen Liu; Peng Zhao; Long Wang; Xiaolei Jie
Weak Anion-Exchange Chromatography Coupled with FT-ICR MS Resolves Polarity-Driven Molecular Signatures in Natural and Anthropogenic Dissolved Organic Matter,"Joseph W. Frye, Lissa C. Anderson, Winston K. Robbins, ... , Martha L. Aguilera (n=11)",Analytical Chemistry,https://doi.org/10.1021/acs.analchem.5c05562,Joseph W. Frye; Lissa C. Anderson; Winston K. Robbins; Germain Salvato Vallverdu; A Santiago Rodriguez; Mason C. Hagan; Alan G. Marshall; Brice Bouyssière; Pierre Giusti; R. C. Rodgers; Martha L. Aguilera
Development of a Nontargeted Algorithm for Per- and Polyfluoroalkyl Substances in the FT-ICR Mass Spectra of Complex Organic Mixtures,"Qing‐Long Fu, Yanhui Cheng, Jibao Liu, ... , Yanxin Wang (n=8)",Analytical Chemistry,https://doi.org/10.1021/acs.analchem.4c06674,Qing‐Long Fu; Yanhui Cheng; Jibao Liu; Lee Blaney; Caiming Tang; Manabu Fujii; Pingqing Fu; Yanxin Wang
"Chemodiversity of coastal seawater dissolved organic matter shaped by wastewater treatment plant effluent in Tokyo Bay, Japan","Yanhui Cheng, Jibao Liu, Manabu Fujii, Qing‐Long Fu",Applied Geochemistry,https://doi.org/10.1016/j.apgeochem.2025.106292,Yanhui Cheng; Jibao Liu; Manabu Fujii; Qing‐Long Fu
Long-term manure fertilization enhances red soil organic carbon storage,"Hongqin Zou, Changai Lu, Lu Zhang, ... , Lauren Hale (n=6)",Applied Soil Ecology,https://doi.org/10.1016/j.apsoil.2025.106644,Hongqin Zou; Changai Lu; Lu Zhang; Minggang Xu; Yinghua Duan; Lauren Hale
Long-term fertilization regimes modulate dissolved organic matter molecular chemodiversity and greenhouse gas emissions in paddy soil,"Yuanyuan Sun, Weiming Zhang, Liqun Xiu, ... , Wenfu Chen (n=7)",Biochar,https://doi.org/10.1007/s42773-025-00445-3,Yuanyuan Sun; Weiming Zhang; Liqun Xiu; Wenqi Gu; Di Wu; Liang Tang; Wenfu Chen
Molecular composition of dissolved organic matter in soil leachate following application of surface agricultural practices and its implications for groundwater,"Jie Dong, Linna Jia, Haoran Wu, ... , Jia Xin (n=7)",Biogeochemistry,https://doi.org/10.1007/s10533-025-01249-0,Jie Dong; Linna Jia; Haoran Wu; Hang Fu; Wenlin Ren; Kang Yue; Jia Xin
"Dissolved Organic Matter Composition and Environmental Characteristics of Lakes Across a Permafrost Gradient, Northwest Territories, Canada","H.S. Hutchins, Ryan, G. Leathers, Jeremy, Schiff, Sherry, ... , Aukes, Pieter Jan Karel (n=9)",Borealis,https://doi.org/10.5683/sp3/5owkls,"H.S. Hutchins, Ryan; G. Leathers, Jeremy; Schiff, Sherry; English, Michael; Schultz, Mackenzie; J. Venkiteswaran, Jason; Tank, Suzanne; Elgood, Richard; Aukes, Pieter Jan Karel"
Spatial distribution of composition and chemodiversity of surface water dissolved organic matter (DOM) over the upper reach of the Changjiang River,"Shujun Yin, Chenhui Wei, Yafang Liu, Dongqiang Zhu",Carbon Research,https://doi.org/10.1007/s44246-025-00223-7,Shujun Yin; Chenhui Wei; Yafang Liu; Dongqiang Zhu
Environmental and microbial factors shape dissolved organic matter across multiple ecosystems,"Bixi Guo, Yongqin Liu, Jianjun Wang, ... , Nianzhi Jiao (n=7)",Communications Earth & Environment,https://doi.org/10.1038/s43247-025-02848-3,Bixi Guo; Yongqin Liu; Jianjun Wang; Qiang Zheng; Quan Shi; Chen He; Nianzhi Jiao
Transformation characteristics of dissolved organic matter in ozone treatment unit of wastewater plants,"Wanli Zhang, Cheng Fangkui, Jinglin Zhu",DOAJ (DOAJ: Directory of Open Access Journals),https://doi.org/10.19965/j.cnki.iwt.2024-0438,Wanli Zhang; Cheng Fangkui; Jinglin Zhu
Separation and removal characteristics of pollutants in coagulation process of asphalt production wastewater,"Yue Cao, Shuai Zhu, JIANG Juntao, ... , XU Chunming (n=7)",DOAJ (DOAJ: Directory of Open Access Journals),https://doi.org/10.19965/j.cnki.iwt.2024-0715,Yue Cao; Shuai Zhu; JIANG Juntao; Z C Li; WANG Qinghong; C Chen; XU Chunming
Comprehensive effects of lake dredging on microbial community and dissolved organic matter compositions in surface sediments,"Hezhou Chen, Shaozhuang Guo, Songhe Zhang, ... , Jicheng Zhong (n=8)",Ecological Indicators,https://doi.org/10.1016/j.ecolind.2025.113566,Hezhou Chen; Shaozhuang Guo; Songhe Zhang; Yongsheng Tang; Tilang Zhang; Xin Lv; Dejin Wang; Jicheng Zhong
Scale Formation from Dissolved Organic Matter in SAGD Steam Generators─Part I: Acidic Species Characterized by FTICR-MS,"Ali Naderi, Thomas B. P. Oldenburg",Energy & Fuels,https://doi.org/10.1021/acs.energyfuels.5c01778,Ali Naderi; Thomas B. P. Oldenburg
Molecular mechanistic insights towards aggregation of nano-biochar moderated by aromatic components in dissolved organic matter,"Zheng Zhou, Meng Lu, Yu Huang, ... , Bo Pan (n=10)",Environment International,https://doi.org/10.1016/j.envint.2025.109350,Zheng Zhou; Meng Lu; Yu Huang; Zhao Changping; Yafeng Wang; Marc Pidou; Min Wu; Quan Chen; Paul Jeffrey; Bo Pan
GRSP-induced diversity change of dissolved organic matter enhances the availability of PAHs in soil,"Xian Zhou, Pengfei Li, Fredrick Owino Gudda, ... , Jian Wang (n=7)",Environmental Pollution,https://doi.org/10.1016/j.envpol.2025.126858,Xian Zhou; Pengfei Li; Fredrick Owino Gudda; Chao Qin; Ahmed Mosa; Wanting Ling; Jian Wang
Benthic biofilms as reservoirs of recalcitrant organic matter in freshwater reservoirs: insights from FT-ICR MS,"Ch. Tahir Mehmood, Yujian Dong, Huiyu Liu, ... , Olivier Habimana (n=8)",Environmental Research,https://doi.org/10.1016/j.envres.2025.122945,Ch. Tahir Mehmood; Yujian Dong; Huiyu Liu; Yu Han; Yan Wang; Yiwei Li; Yeyuan Xiao; Olivier Habimana
Microbial transformation of sulfur-containing dissolved organic matter in the intertidal zone of a mountainous river estuary responding to tidal fluctuation,"Longfei Wang, Guosheng Zhao, Weidong Guo, ... , Lihua Niu (n=6)",Environmental Research,https://doi.org/10.1016/j.envres.2025.121363,Longfei Wang; Guosheng Zhao; Weidong Guo; Yi Li; Jiaying Chen; Lihua Niu
Microbial processes dominate DOM degradation in alpine karst lakes over photochemical effects,"Qinqin You, Hanyong Zeng, Muhammad Ibrar, ... , Geng Sun (n=9)",Environmental Research,https://doi.org/10.1016/j.envres.2025.121812,Qinqin You; Hanyong Zeng; Muhammad Ibrar; Dalin Zhu; Demeng Zhao; Yutao Cao; Yunde Zhang; Yanbao Lei; Geng Sun
Unveiling the molecular composition of dissolved organic phosphorus in the freshwater-estuarine continuum using ultrahigh-resolution FT-ICR-MS,"Yanjiao Zhou, Liyang Yang, Fu‐Tao Fang, ... , ⎜Zhuoyi Zhu (n=6)",Environmental Research,https://doi.org/10.1016/j.envres.2025.123352,Yanjiao Zhou; Liyang Yang; Fu‐Tao Fang; Yuqing Li; Wan-E Zhuang; ⎜Zhuoyi Zhu
Molecular Alteration of Dissolved Organic Matter in Intertidal Sediments: The Role of Fe(II) Reoxidation,"Huifang XIAO, Zhe Zhou, Jiangtao Li, Shouye Yang",Environmental Science & Technology,https://doi.org/10.1021/acs.est.5c06631,Huifang XIAO; Zhe Zhou; Jiangtao Li; Shouye Yang
Unveiling Molecular Constraints on the Formation and Fate of Organoiodine Compounds under Aquifer Conditions,"Jiangkai Xue, Yamin Deng, Qing‐Long Fu, ... , Yanxin Wang (n=6)",Environmental Science & Technology,https://doi.org/10.1021/acs.est.5c05558,Jiangkai Xue; Yamin Deng; Qing‐Long Fu; Yao Du; Jianbo Shi; Yanxin Wang
Toward the Chemogeography of Dissolved Organic Matter in the Global Ocean,"Jianjun Wang, Ang Hu, Yifan Cui, ... , Nianzhi Jiao (n=9)",Environmental Science & Technology,https://doi.org/10.1021/acs.est.5c02477,Jianjun Wang; Ang Hu; Yifan Cui; Sarah K. Bercovici; Xiancai Lu; Jay T. Lennon; Janne Soininen; Yongqin Liu; Nianzhi Jiao
Ferrous Oxidation-Driven Adsorptive and Oxidative Transformation Boosts Electron Exchange Capacity of Dissolved Organic Matter: Environmental Implications,"Kai Liu, Jialin Chi, Liping Fang, ... , Fangbai Li (n=8)",Environmental Science & Technology,https://doi.org/10.1021/acs.est.5c13400,Kai Liu; Jialin Chi; Liping Fang; Minwen Huang; Shiyin Wu; Xiangjun Meng; Thomas Borch; Fangbai Li
Prediction of Dissolved Organic Carbon Concentrations in Inland Waters Using Optical Proxies of Aromaticity,Kathleen R. Murphy,Environmental Science & Technology,https://doi.org/10.1021/acs.est.5c05408,Kathleen R. Murphy
Size and Structure-Dependent Molecular Fingerprint Transformation of Microplastic-Derived Dissolved Organic Matter in Sunlit Seawater: Implication for Marine Carbon Cycles,"Yanjun Liu, Zhao Liang Chen, Zekun Zhang, ... , Ding He (n=11)",Environmental Science & Technology,https://doi.org/10.1021/acs.est.5c04083,Yanjun Liu; Zhao Liang Chen; Zekun Zhang; Yuanbi Yi; Ruanhong Cai; Ming Ye; Mengyang Liu; Meng Yan; Kmy Leung; Tanveer M. Adyel; Ding He
Erosion-Driven Vertical Decoupling: Molecular Signatures of Dissolved Organic Matter and Microbial Coevolution in Subsoil Hotspots,"Yumei Peng, Zhongmin Fan, Zi Wang, ... , Xiang Wang (n=8)",Environmental Science & Technology,https://doi.org/10.1021/acs.est.5c02856,Yumei Peng; Zhongmin Fan; Zi Wang; Ziyun Zhang; Yuxin Yan; Jia Shi; Chunpeng Huo; Xiang Wang
MoleTrans: Browser-Based Webtool for Postanalysis on Molecular Chemodiversity and Transformation of Dissolved Organic Matters via FT-ICR MS,"Jibao Liu, Bei Zhang, Qing‐Long Fu, ... , Manabu Fujii (n=11)",Environmental Science & Technology Letters,https://doi.org/10.1021/acs.estlett.5c00284,Jibao Liu; Bei Zhang; Qing‐Long Fu; Toshihiro Isobe; Rongjun Gao; Yuansong Wei; Eunsang Kwon; Zhineng Hao; Wei An; Qi Rong; Manabu Fujii
The potential nature of “dark” dissolved organic matter in the biosphere,"Khan M. G. Mostofa, Jie Yuan, Xuemei Yang, ... , Si‐Liang Li (n=9)",Frontiers in Earth Science,https://doi.org/10.3389/feart.2025.1517025,Khan M. G. Mostofa; Jie Yuan; Xuemei Yang; Mohammad Mohinuzzaman; Cong‐Qiang Liu; Nicola Senesi; N. Senesi; Davide Vione; Si‐Liang Li
Organo-mineral interactions modulate organic carbon retention and mobility in a deep subterranean estuary of a high-energy beach,"Kojo Amoako, Anja Reckhardt, M.H.T. Roberts, ... , Hannelore Waska (n=7)",Frontiers in Water,https://doi.org/10.3389/frwa.2025.1507564,Kojo Amoako; Anja Reckhardt; M.H.T. Roberts; Rena Meyer; Simone Brick; Thorsten Dittmar; Hannelore Waska
Exploring the fate and chemical transformation of organics by UV/H2O2-GAC and UV/H2O2-BAC based on pilot-scale systems in the treatment of micro-polluted surface water,"Wenxuan Yin, Wenjun Sun, Yongqin Yuan, ... , Fengyi Zheng (n=6)",Frontiers of Environmental Science & Engineering,https://doi.org/10.1007/s11783-025-2008-5,Wenxuan Yin; Wenjun Sun; Yongqin Yuan; Daoyi Zhang; Yuanna Zhang; Fengyi Zheng
"Distinct molecular complexing mechanisms of smoke dissolved organic matters (SDOMs) from various solid fuels combustion toward heavy metals: New insights based on FT-ICR-MS, two dimensional fluorescence EEM and FTIR","Yixin Xu, Shiming Xu, Cheng Yue, ... , Jinzhi Ni (n=8)",Fuel,https://doi.org/10.1016/j.fuel.2025.136646,Yixin Xu; Shiming Xu; Cheng Yue; Weifeng Chen; Huiying Zhang; Hui Jia; Wei Ran; Jinzhi Ni
Strong depth-dependent chemical and structural characteristics of dissolved organic matter (DOM) in organic-rich sediment in a shallow temperate lake,"Chenhui Wei, Shu Tao, Patrick G. Hatcher, Dongqiang Zhu",Geochimica et Cosmochimica Acta,https://doi.org/10.1016/j.gca.2025.05.002,Chenhui Wei; Shu Tao; Patrick G. Hatcher; Dongqiang Zhu
Process zone specific alteration of rare earth element (REE) patterns across the land–ocean transition of the southern North Sea,"Corinna Mori, Olaf Dellwig, Jochen Wollschläger, Michael Seidel",Geochimica et Cosmochimica Acta,https://doi.org/10.1016/j.gca.2025.06.017,Corinna Mori; Olaf Dellwig; Jochen Wollschläger; Michael Seidel
Hydrothermal mobilization and molecular transformations of dissolved organic matter from deep subsurface sediments,"Melina Knoke, Thorsten Dittmar, Jana Günther, ... , Michael Seidel (n=6)",Geochimica et Cosmochimica Acta,https://doi.org/10.1016/j.gca.2025.06.005,Melina Knoke; Thorsten Dittmar; Jana Günther; Philipp Böning; Andreas Teske; Michael Seidel
Contrasting photochemical behaviors between biogenic-sourced and combustion-sourced dissolved organic nitrogen,"Zhiyuan Zhang, Xiurui Cui, Chenhui Wei, ... , Dongqiang Zhu (n=6)",Geochimica et Cosmochimica Acta,https://doi.org/10.1016/j.gca.2025.10.036,Zhiyuan Zhang; Xiurui Cui; Chenhui Wei; Shuning Zang; Shu Tao; Dongqiang Zhu
Transportation and transformation of dissolved organic matter from overlying to bottom waters of cold seeps in the South China Sea: insights at the molecular level,"Shi Tang, Zhenwei Yan, Yuanbi Yi, ... , Penghui Li (n=7)",Global and Planetary Change,https://doi.org/10.1016/j.gloplacha.2025.104920,Shi Tang; Zhenwei Yan; Yuanbi Yi; Yuan Shen; Wei Xie; Ding He; Penghui Li
Long‐Term and Seasonal Drivers of Organic Matter in the Clearwater Tapajós River and Implications for the Amazon River Basin,"Martin R. Kurek, Rafael Corrêa Muniz, José Mauro Sousa de Moura, ... , Robert G. M. Spencer (n=7)",Global Biogeochemical Cycles,https://doi.org/10.1029/2025gb008545,Martin R. Kurek; Rafael Corrêa Muniz; José Mauro Sousa de Moura; Bernhard Peucker‐Ehrenbrink; R. M. Holmes; Amy M. McKenna; Robert G. M. Spencer
"Molecular Composition of Stream Dissolved Organic Matter in Cool-Temperate Forest Headwaters with Landslides, Northern Japan","Jun’ichiro Ide, Kenta Hara, Yohei Arata, ... , Takashi Gomi (n=7)",Hydrology,https://doi.org/10.3390/hydrology12030063,Jun’ichiro Ide; Kenta Hara; Yohei Arata; Izuki Endo; Mizue Ohashi; Hiroshi Nishimura; Takashi Gomi
Molecular-level study of the effect of nitrogen addition levels on soil dissolved organic matter composition in a desert steppe of northwest China,"Yan Wang, Bin Xue, Longwei Fu, ... , Georges Martial Ndzana (n=11)",International Journal of Biological Macromolecules,https://doi.org/10.1016/j.ijbiomac.2025.147494,Yan Wang; Bin Xue; Longwei Fu; Lingtong Du; Kun Ma; Ruili Gao; Kaiyang Qiu; Guohui Wang; Xiang Zheng; Xuying Hai; Georges Martial Ndzana
Molecular Humification Mechanisms of Dissolved Organic Matter during Maize Straw Composting Enhanced by Humus Soil Biomaterial: Paired-Molecule Mass Difference Reactomics Analysis Based on FT-ICR MS,"Zheng-Liang Du, Qing‐Long Fu, Jiayu Liu, Xiaoli Chai, Boran Wu",Journal of Agricultural and Food Chemistry,https://doi.org/10.1021/acs.jafc.5c05559,Zheng-Liang Du; Qing‐Long Fu; Jiayu Liu; Xiaoli Chai; Boran Wu
"Changes in dissolved organic matter chemistry of plateau lakes along gradients of human activity intensity in Yunnan Province, China","Lei Xu, Wenjun Zhong, Zetian Liu, ... , Aiwen Zhong (n=9)",Journal of Environmental Management,https://doi.org/10.1016/j.jenvman.2025.127513,Lei Xu; Wenjun Zhong; Zetian Liu; Qian Hu; Xin Xiong; Jianlin Tang; Tao Chen; Wei Liao; Aiwen Zhong
Revealing the effects and mechanisms of lake autochthonous dissolved organic matter on phosphorus sequestration by lanthanum-modified clay at the molecular level,"Tianlun Han, Yan Wang, Min-Hui Cai, ... , Ming Kong (n=6)",Journal of Environmental Management,https://doi.org/10.1016/j.jenvman.2025.125959,Tianlun Han; Yan Wang; Min-Hui Cai; Hongbin Yin; Huacheng Xu; Ming Kong
Machine learning uncovers tidal DOM transformations and keystone molecules via FT-ICR MS and reactomics for estuarine nutrient cycling,"Guosheng Zhao, Longfei Wang, Yi Li, ... , Li Lin (n=6)",Journal of Environmental Sciences,https://doi.org/10.1016/j.jes.2025.12.043,Guosheng Zhao; Longfei Wang; Yi Li; Jiaying Chen; Lihua Niu; Li Lin
Biochar-enhanced iron cycling in Fenton systems for the degradation and transformation of dissolved organic matter in hydrothermal liquid,"Hao Yu, Zhiwei Li, Jingxin Huang, Ruixia Han, Yin Wang",Journal of Environmental Sciences,https://doi.org/10.1016/j.jes.2025.12.076,Hao Yu; Zhiwei Li; Jingxin Huang; Ruixia Han; Yin Wang
Novel Insights Into the Molecular Characteristics of Dissolved Organophosphorus in Biomass Burning Smoke: Implication on the Environmental Stability and Cycling of Atmospheric Organophosphorus,"Weifeng Chen, Huiying Zhang, Shiming Xu, ... , Hui Jia (n=7)",Journal of Geophysical Research Atmospheres,https://doi.org/10.1029/2025jd043374,Weifeng Chen; Huiying Zhang; Shiming Xu; Zhigeng Wang; Qin Dai; Lingling Lv; Hui Jia
Signatures of Arctic Change: Molecular‐Level Composition and Bioavailability of Shifting Dissolved Organic Matter Sources,"Alexis Slentz, Amy M. McKenna, Anne M. Kellerman, ... , Robert G. M. Spencer (n=12)",Journal of Geophysical Research Biogeosciences,https://doi.org/10.1029/2025jg008899,Alexis Slentz; Amy M. McKenna; Anne M. Kellerman; Amy D. Holt; A. J. Burns; Max Miller; Sasha Wagner; Maria Tzortziou; Hugh G. Smith; Antonio Mannino; Jeffrey P. Chanton; Robert G. M. Spencer
Deciphering Microbially Driven Labile and Refractory Molecular Candidates in Dissolved Organic Matter,"Qi Chen, Jiaxin Chen, Ruanhong Cai, ... , Qiang Zheng (n=8)",Journal of Geophysical Research Biogeosciences,https://doi.org/10.1029/2024jg008484,Qi Chen; Jiaxin Chen; Ruanhong Cai; Chen He; Quan Shi; Chuanlun Zhang; Nianzhi Jiao; Qiang Zheng
Linking Microbial Communities and Molecular Transformations of Dissolved Organic Matter to the Fate of Nitrogen in Karst Aquifers,"Ruixuan Gai, Jing Bao, Wei Xiu, ... , Qiang Zhang (n=6)",Journal of Geophysical Research Biogeosciences,https://doi.org/10.1029/2025jg008961,Ruixuan Gai; Jing Bao; Wei Xiu; Fang Guo; Qiang Li; Qiang Zhang
Seasonality of Surface Dissolved Organic Matter Composition in the Northern Part of a Large Marginal Sea in an Extremely Dry Year,"Fu‐Tao Fang, ⎜Zhuoyi Zhu, Yuanbi Yi, Ding He",Journal of Geophysical Research Oceans,https://doi.org/10.1029/2024jc022019,Fu‐Tao Fang; ⎜Zhuoyi Zhu; Yuanbi Yi; Ding He
Significant role of sludge-derived organic matter in enhancing Cr (III) immobilization by jarosite: Insights from molecular selective adsorption and co-precipitation,"Jun Gao, Yunhui Zhang, Shijie Yuan, ... , Zuxin Xu (n=6)",Journal of Hazardous Materials,https://doi.org/10.1016/j.jhazmat.2025.137743,Jun Gao; Yunhui Zhang; Shijie Yuan; Lei Li; Bin Dong; Zuxin Xu
Molecular insights into the seasonal variation of fluorescent dissolved organic matter in a hydrologically isolated aquatic continuum,"Cheng Du, Zhibing Chang, Wenzhong Tang, ... , Hong Zhang (n=8)",Journal of Hydrology,https://doi.org/10.1016/j.jhydrol.2025.133620,Cheng Du; Zhibing Chang; Wenzhong Tang; Zhineng Hao; Meiyi Zhang; Xiaoyue Zhang; Muxing Liu; Hong Zhang
"Spatial and temporal variability in molecular characteristics of dissolved organic matter in a large freshwater lake: A case from the Dongting Lake, central China","Rui Xu, Yao Du, Tianming Wu, ... , Yanxin Wang (n=11)",Journal of Hydrology,https://doi.org/10.1016/j.jhydrol.2025.133831,Rui Xu; Yao Du; Tianming Wu; Xinrui Jiang; Baisong Deng; M. Li; Yiqun Gan; Mengjie Song; Shaobo Liao; Rui Zhang; Yanxin Wang
"Deciphering the impacts of main inflowing rivers on dissolved organic matter in Lake Daye using isotopes, optical spectroscopy, and FT-ICR MS during non-flood season","Xiaowen Lin, Xiaodong Wu, Bingfa Chen, ... , Zhenni Gao (n=8)",Journal of Hydrology,https://doi.org/10.1016/j.jhydrol.2025.134090,Xiaowen Lin; Xiaodong Wu; Bingfa Chen; Xuguang Ge; Chao Wu; Xincai Gu; Shunmei Zhu; Zhenni Gao
"Molecular characterization and transformation of dissolved organic matter in snow and meltwater from Baishui Glacier No. 1, Mt. Yulong","Lin Feng, Y. Liu, Hewen Niu, Jianzhong Xu",Journal of Mountain Science,https://doi.org/10.1007/s11629-025-9657-5,Lin Feng; Y. Liu; Hewen Niu; Jianzhong Xu
Evaluating the Chemical Reactivity of Wildfire-Derived Dissolved Organic Molecules: Glutathione Binding through Kendrick Mass Defect Analysis,"Hannah M. Hamontree, Patrick G. Hatcher",Journal of the American Society for Mass Spectrometry,https://doi.org/10.1021/jasms.5c00077,Hannah M. Hamontree; Patrick G. Hatcher
Decipher the Persistence of Soil Dissolved Organic Matter Under Different Land Use Types Using Potential Molecular Transformations,"Aoping Mao, Jingming Zheng, Ziteng Wang, ... , Anning Miao (n=8)",Land Degradation and Development,https://doi.org/10.1002/ldr.70156,Aoping Mao; Jingming Zheng; Ziteng Wang; Fuhong Sun; Yimin Sang; Xiuyuan Chen; Yimiao Li; Anning Miao
Interdecadal Dynamics in the Chemodiversity of Soil Dissolved Organic Matter After the Conversion of Chinese Fir Plantations to Citrus Orchard,"Junquan Chen, Yanqi Guo, Xinyue Ma, ... , Qin Zhang (n=8)",Land Degradation and Development,https://doi.org/10.1002/ldr.70323,Junquan Chen; Yanqi Guo; Xinyue Ma; Lan Li; Guanjie Jiang; Long Peng; Taihui Zheng; Qin Zhang
Molecular evidence for depth‐dependent microbial transformation of dissolved organic matter into carboxyl‐rich alicyclic molecules in coastal marginal seas,"Yang Liu, Zhengguo Cui, Shulian Xie, Chao Ma, Yuqiu Wei",Limnology and Oceanography,https://doi.org/10.1002/lno.70306,Yang Liu; Zhengguo Cui; Shulian Xie; Chao Ma; Yuqiu Wei
Refining resolution settings for analysis of dissolved organic matter in varied natural environments by Fourier‐transform ion cyclotron resonance mass spectrometry,"Shuchai Gan, Shi-Ting Huang, Pengran Guo, ... , Zheng Gong (n=9)",Limnology and Oceanography Methods,https://doi.org/10.1002/lom3.10696,Shuchai Gan; Shi-Ting Huang; Pengran Guo; Ying Wu; Faming Wang; Bin Jiang; Yumei Song; Jia-Chuan Pan; Zheng Gong
Seasonal dynamics of DOM diversity and molecular composition in the NW Mediterranean Sea,"Nawal Bouchachi, Hélène Lavanant, Carlos Afonso, ... , Ortega-Retuerta Eva (n=7)",Marine Chemistry,https://doi.org/10.1016/j.marchem.2025.104562,Nawal Bouchachi; Hélène Lavanant; Carlos Afonso; Schmitz Isabelle; Barbara Marie; Ingrid Obernosterer; Ortega-Retuerta Eva
Phages Shape the Transformation of Organic Matter During Composting,"Yuanyuan Bao, Jan Dolfing, Ruirui Chen, ... , Youzhi Feng (n=10)",Microbial Biotechnology,https://doi.org/10.1111/1751-7915.70291,Yuanyuan Bao; Jan Dolfing; Ruirui Chen; Chongwen Qiu; Jianwei Zhang; Xin Zhou; Liang Liu; Yiming Wang; Xu Lin; Youzhi Feng
Unraveling the Molecular Composition and Reactivity Differentiation of Algae- and Macrophyte-Derived Dissolved Organic Matter in Plateau Lakes: Insights from Optical Properties and High Resolution Mass Spectrometry Characterization,"Qiuxing Li, Runyu Zhang, Haijun Yuan, Liying Wang, Shuxia Xu",Molecules,https://doi.org/10.3390/molecules30173510,Qiuxing Li; Runyu Zhang; Haijun Yuan; Liying Wang; Shuxia Xu
Molecular-level insights into derivation dynamics of microplastic-derived dissolved organic matter,"Shiting Liu, Xiamu Zelang, Chao Ma, ... , Jiunian Guan (n=8)",New Contaminants,https://doi.org/10.48130/newcontam-0025-0016,Shiting Liu; Xiamu Zelang; Chao Ma; Zhuoyu Li; Xinyue Wang; Hanyu Ju; Jingjie Zhang; Jiunian Guan
Sachbericht zum Verwendungsnachweis,"Michael Seidel, Dariya Baiko, Thorsten Dittmar",Open MIND,,Michael Seidel; Dariya Baiko; Thorsten Dittmar
Chemodiversity of soil dissolved organic matter complementally improved by stepwise elution and electrospray ionization modes,"Shasha Zhuo, Qin Rong, Qing‐Long Fu",Organic Geochemistry,https://doi.org/10.1016/j.orggeochem.2025.104965,Shasha Zhuo; Qin Rong; Qing‐Long Fu
Compositional convergence of dissolved organic matter from root litter to rhizosphere soil in a semiarid grassland of North China,"Xiaohan Mo, Zongxiao Zhang, Mengke Wang, ... , Junjian Wang (n=11)",Organic Geochemistry,https://doi.org/10.1016/j.orggeochem.2025.105061,Xiaohan Mo; Zongxiao Zhang; Mengke Wang; Qiang Zhang; Guodong Sun; Weifeng Hu; Guoping Chen; Deliang Kong; Chengcheng Dong; Hui Zeng; Junjian Wang
Insights into the complex nature of dissolved organic matter from plant residues using multiple spectroscopic techniques,"Zongtang Yang, Biswaranjan Mohanty, Feike A. Dijkstra, Georg Guggenberger, Balwant Singh",Organic Geochemistry,https://doi.org/10.1016/j.orggeochem.2025.105095,Zongtang Yang; Biswaranjan Mohanty; Feike A. Dijkstra; Georg Guggenberger; Balwant Singh
Implications of negative and positive electrospray ionization mode use on 21 T Fourier-transform ion cyclotron resonance mass spectrometric determined aquatic dissolved organic matter characteristics,"Amy M. Mckenna, Andrew S Wozniak, Tianyin Ouyang, Felix E. Agblemanyo",OSF Preprints (OSF Preprints),,Amy M. Mckenna; Andrew S Wozniak; Tianyin Ouyang; Felix E. Agblemanyo
"Historical inputs and biogeochemical transformations of dissolved organic matter since 1850 CE in a small plateau-lake, Southwest China","Shuaidong Li, Xiao‐Lei Wang, Jinliang Liu, ... , Changchun Huang (n=12)",Palaeogeography Palaeoclimatology Palaeoecology,https://doi.org/10.1016/j.palaeo.2025.112798,Shuaidong Li; Xiao‐Lei Wang; Jinliang Liu; Yanhui Zhang; Robert G. M. Spencer; Anne M. Kellerman; Amy M. McKenna; Xiaohua Ma; Quanliang Jiang; Tao Huang; Hao Yang; Changchun Huang
Logging disrupts the ecology of molecules in headwater streams,"Erika C. Freeman, Erik J. S. Emilson, Kara L. Webster, Thorsten Dittmar, Andrew J. Tanentzap",Proceedings of the National Academy of Sciences,https://doi.org/10.1073/pnas.2409104122,Erika C. Freeman; Erik J. S. Emilson; Kara L. Webster; Thorsten Dittmar; Andrew J. Tanentzap
Isolation and Identification of Mercury–Dissolved Organic Matter Complexes in Mercury–Humic Acid Suspensions,"Ghulam Hussain Qasim, Lisa Harris, Vaughn Mangal, ... , Charles T. Driscoll (n=6)",Rapid Communications in Mass Spectrometry,https://doi.org/10.1002/rcm.9986,Ghulam Hussain Qasim; Lisa Harris; Vaughn Mangal; Mario Montesdeoca; Svetoslava Todorova; Charles T. Driscoll
RO permeate DOM alteration and emerging oxidation byproduct formation in the UV/NHCl<sub>2</sub> and UV/NH<sub>2</sub>Cl processes in the presence of bromide,"Kun Wang, Yingying XIANG, Jean Philippe Croué, Hervé Gallard, Chii Shang",Rare & Special e-Zone (The Hong Kong University of Science and Technology),,Kun Wang; Yingying XIANG; Jean Philippe Croué; Hervé Gallard; Chii Shang
Advances in Glacier Biogeochemistry: A Global Survey of Dissolved Organic Matter in Glacial Meltwater,"Alexandre M. Anesio, Joel Barker, Lisa Bröder",Repository for Publications and Research Data (ETH Zurich),https://doi.org/10.3929/ethz-c-000799260,Alexandre M. Anesio; Joel Barker; Lisa Bröder
Logging disrupts the ecology of molecules in headwater streams,"Erika C. Freeman, Erik J.S. Emilson, Kara L. Webster, Thorsten Dittmar, Andrew J. Tanentzap",Repository for Publications and Research Data (ETH Zurich),https://doi.org/10.3929/ethz-c-000793234,Erika C. Freeman; Erik J.S. Emilson; Kara L. Webster; Thorsten Dittmar; Andrew J. Tanentzap
Characterizing Dissolved Organic Matter Composition in a Southeastern United States Watershed,"Hopper, Gwendolyn Marcelette",Scholar Commons (University of South Carolina),,"Hopper, Gwendolyn Marcelette"
Challenges in integrating dissolved organic matter chemodiversity into kinetic models of soil respiration,"Arjun Chakrawal, Odeta Qafoku, Satish Karra, John Bargar, Emily Graham",Soil Biology and Biochemistry,https://doi.org/10.1016/j.soilbio.2025.109954,Arjun Chakrawal; Odeta Qafoku; Satish Karra; John Bargar; Emily Graham
Vegetation restoration shapes soil organic matter chemistry and microbial processes,"Shuzhen Wang, Wenxin Chen, Kate V. Heal, ... , Chuifan Zhou (n=7)",Soil Biology and Biochemistry,https://doi.org/10.1016/j.soilbio.2025.109970,Shuzhen Wang; Wenxin Chen; Kate V. Heal; Jingjing Liang; Weijuan Qiu; Yuanchun Yu; Chuifan Zhou
Organic matter accelerated microbial iron reduction and available phosphorus release in reflooded paddy soils,"Xipeng Liu, Yuchen Shu, Kejie Li, ... , Xianyong Lin (n=8)",Soil Ecology Letters,https://doi.org/10.1007/s42832-025-0316-0,Xipeng Liu; Yuchen Shu; Kejie Li; Haotian Wang; Qing-Fang Bi; Haibo Wang; Chengliang Sun; Xianyong Lin
Strong reprocessing of dissolved organic matter along South-to-North water diversion,"Xiaofeng Cao, Jie Wang, Zitong Sun, ... , Jiuhui Qu (n=10)",The Innovation Geoscience,https://doi.org/10.59717/j.xinn-geo.2025.100170,Xiaofeng Cao; Jie Wang; Zitong Sun; Jianghao Ji; Jiangyong Chu; Yuewei Wang; Weixiao Qi; Jianfeng Peng; Huijuan Liu; Jiuhui Qu
Decreased stability of soil dissolved organic matter under disturbance of periodic flooding and drying in reservoir drawdown area,"Shengman Zhang, Yuchun Wang, Ming Sheng, ... , Fushun Wang (n=9)",The Science of The Total Environment,https://doi.org/10.1016/j.scitotenv.2025.178973,Shengman Zhang; Yuchun Wang; Ming Sheng; Xueping Chen; Zi-Yuan Zhang; Shanze Li; Yong Qin; Pingqing Fu; Fushun Wang
Imprint of incomplete combustion processes on the water column of the anthropogenic-pressured Baltic Sea,"Tassiana Soares Gonçalves Serafim, Detlef E. Schulz‐Bull, Christopher P. Rüger, ... , Helena Osterholz (n=8)",The Science of The Total Environment,https://doi.org/10.1016/j.scitotenv.2025.178537,Tassiana Soares Gonçalves Serafim; Detlef E. Schulz‐Bull; Christopher P. Rüger; Thorsten Dittmar; Jutta Niggemann; Ralf Zimmermann; Joanna J Waniek; Helena Osterholz
"sea4soCiety-DOM - AP2 - Kohlenstoff Qualität und Quellen: Rekalzitranz und Sequestrierung von organischem Material; Projekt: ""Rekalzitranz von gelöstem organischem Material aus Küstenökosystemen""","Michael Seidel, Dariya Baiko, Thorsten Dittmar",TIB Repositorium,https://doi.org/10.34657/29593,Michael Seidel; Dariya Baiko; Thorsten Dittmar
Formation of regulated and novel disinfection by-products during chlorine and chlorine dioxide disinfection of surface water and groundwater,"Nihemaiti, Maolida, Wullenweber, Jon, Stefanoni, Mattia, ... , Reemtsma, Thorsten (n=9)",TUHH Open Research,https://doi.org/10.15480/882.16297,"Nihemaiti, Maolida; Wullenweber, Jon; Stefanoni, Mattia; Kahle, Laura; Lechtenfeld, Oliver J.; Cantoni, Beatrice; Antonelli, Manuela; Ernst, Mathias; Reemtsma, Thorsten"
Liquid chromatography Fourier transform ion cyclotron resonance mass spectrometry (LC-FT-ICR MS) and 1H NMR data from peat pore water and north sea water and LC-MS data for labeled model compounds,"Rodrigues Matos, Rebecca, Craig, Alexander, Tebben, Jan, ... , Lechtenfeld, Oliver (n=8)",UFZ Datenrechercheportal,https://doi.org/10.48758/ufz.16221,"Rodrigues Matos, Rebecca; Craig, Alexander; Tebben, Jan; Kaesler, Jan Michael; Koch, Boris P.; Hawkes, Jeffrey; Zherebker, Alexander; Lechtenfeld, Oliver"
The Utilization of Dissolved Organic Matter Spectral and Molecular Properties in Freshwater Eutrophication Studies: A Mini Review,"Wengang Yan, Jun Xing, Chunzhao Chen, Yihua Xiao, Changqing Liu",Water,https://doi.org/10.3390/w17020151,Wengang Yan; Jun Xing; Chunzhao Chen; Yihua Xiao; Changqing Liu
Microscopic mechanism of organic carbon sequestration and redox properties influenced by iron (Oxyhydr)oxides,"Chuanjin Lin, Bin Dong, Zuxin Xu",Water Research,https://doi.org/10.1016/j.watres.2025.123220,Chuanjin Lin; Bin Dong; Zuxin Xu
Spatiotemporal changes in dissolved organic matter chemodiversity and its interaction with microbial composition in heavy-metal polluted river,"Chun Liu, Rujie Li, Yuheng Zhang, ... , Xiufeng Zhang (n=12)",Water Research,https://doi.org/10.1016/j.watres.2025.124738,Chun Liu; Rujie Li; Yuheng Zhang; Lijie Zhang; Zhaoling Liu; Ping Li; Guanghui Fan; Yingjie Zhu; Yue Zuo; Xule Liu; Zhiyong Fu; Xiufeng Zhang
The impact of water-sediment regulation scheme (WSRS) on the chemistry of dissolved organic matter in the Yellow River estuary and adjacent waters,"Donglei Niu, Yanfang Li, Yang Tan, ... , Jianhui Tang (n=7)",Water Research,https://doi.org/10.1016/j.watres.2025.123669,Donglei Niu; Yanfang Li; Yang Tan; Chao Ma; Yulin Qi; Yanan Li; Jianhui Tang
Impact of organic carbon concentration on the molecular properties and assembly of riverine dissolved organic matter,"Feijian Mao, Changbing Liu, Guoliang Li, ... , Wenxuan Li (n=9)",Water Research,https://doi.org/10.1016/j.watres.2025.124261,Feijian Mao; Changbing Liu; Guoliang Li; Yuli Wang; Qiyi Yuan; Karina Yew‐Hoong Gin; Huifang Zhang; Xu Chen; Wenxuan Li
Unraveling the links between molecular weight and multidimensional dynamics of dissolved organic matter in the runoff from gentle sloping land under rainfall,"Guo Chen, Hao Wang, Qiang Zhang, ... , Ding He (n=11)",Water Research,https://doi.org/10.1016/j.watres.2025.124061,Guo Chen; Hao Wang; Qiang Zhang; Chao Chang; Fei Wang; Qingwei Zhang; Jian Wang; Yu Pang; Ming Li; Biao Zhu; Ding He
Molecular-level insights into dissolved organic matter during Ulva prolifera degradation and its regulation on the environmental behaviour of the organic pollutant tributyl phosphate,"Hanwen Hu, Chengmin Wang, Xuexi Tang, ... , Xinxin Zhang (n=7)",Water Research,https://doi.org/10.1016/j.watres.2025.123436,Hanwen Hu; Chengmin Wang; Xuexi Tang; Ying Wang; Xiaoyang Jian; Suyang Liu; Xinxin Zhang
Exploring the chemical behaviors of dissolved organic matter to thermal hydrolysis temperature at the molecular level and its fate in anaerobic membrane bioreactor,"Jian Yin, Teng Cai, Yizhi Zhang, ... , Guangyin Zhen (n=8)",Water Research,https://doi.org/10.1016/j.watres.2025.123650,Jian Yin; Teng Cai; Yizhi Zhang; Qicai Dai; Yijing Gao; Siqin Li; Xueqin Lü; Guangyin Zhen
Reforming solid-liquid interfacial chemical compositions of anaerobic digestate liquor through rapid subcritical hydrothermal treatment with implications on enhanced colloidal solid removal,"Jieling Feng, Xiaoli Chai, Xiaohu Dai, Boran Wu",Water Research,https://doi.org/10.1016/j.watres.2025.125076,Jieling Feng; Xiaoli Chai; Xiaohu Dai; Boran Wu
Rainfall shapes CO₂ emission and dissolved organic matter dynamics in a karst catchment: Controlling factors revealed by isotopic and molecular signatures,"Jinfeng Ge, Yulin Qi, Yuanbi Yi, ... , Si‐Liang Li (n=11)",Water Research,https://doi.org/10.1016/j.watres.2025.124875,Jinfeng Ge; Yulin Qi; Yuanbi Yi; Chao Ma; Wenrui Yao; Xin Liu; Haoyang Wang; Keyan Li; Fu‐Jun Yue; Tao Peng; Si‐Liang Li
Ecological regime shifts weaken sedimentary carbon sequestration in shallow Lake liangzi,"Jinglin Hou, Qi Lin, Jiasheng Zhang, ... , Michael E. Meadows (n=11)",Water Research,https://doi.org/10.1016/j.watres.2025.125173,Jinglin Hou; Qi Lin; Jiasheng Zhang; Shixin Huang; Yuan Jin; Yanhua Wang; Haibo He; Pierre Taillardat; David Taylor; Ke Zhang; Michael E. Meadows
Sediment amplifies organic matter cycling and nutrients feedback in eutrophic lake zones,"Jun Xing, Yuping Zhou, Ding He, ... , Yihua Xiao (n=10)",Water Research,https://doi.org/10.1016/j.watres.2025.124164,Jun Xing; Yuping Zhou; Ding He; Fen Guo; Penghui Li; Yuan Zhang; Rui Lv; Runze Xue; Changqing Liu; Yihua Xiao
Integrating dual-stage gas permeable membranes and humic acid recovery to optimize fenton oxidation of landfill leachate: Insights into full-process performance and DOM molecular-level transformation,"Linjun Wu, Huan Li, Yanyue Gu, ... , Jiane Zuo (n=6)",Water Research,https://doi.org/10.1016/j.watres.2025.123525,Linjun Wu; Huan Li; Yanyue Gu; Zhiqiang Shen; Yuexi Zhou; Jiane Zuo
Seasonal and longitudinal dynamics of DOM within headwater streams of a tropical evergreen forest,"Samantha N. Sullivan, Jennifer C. Bowen, Louis A. Kaplan, Rose M. Cory, Patrick G. Hatcher",Water Research,https://doi.org/10.1016/j.watres.2025.123668,Samantha N. Sullivan; Jennifer C. Bowen; Louis A. Kaplan; Rose M. Cory; Patrick G. Hatcher
Chemically recalcitrant molecules are the primary components regulating the electron-donating capacity (EDC) of dissolved organic matter,"Sihua Zhu, Peijie Yang, Peili Tian, ... , Tao Jiang (n=12)",Water Research,https://doi.org/10.1016/j.watres.2025.124316,Sihua Zhu; Peijie Yang; Peili Tian; Siqi Zhang; Shanyi Tian; Yongguang Yin; Jitao Lv; Caiyun Yang; Zhongbo Zhou; Zhenwu Tang; Dingyong Wang; Tao Jiang
The role of dissolved organic matter in fuelling coastal hypoxia: Identifying key molecules and drivers,"Wenzhao Liang, Penghui Li, Yifei Pan, ... , Ding He (n=12)",Water Research,https://doi.org/10.1016/j.watres.2025.124210,Wenzhao Liang; Penghui Li; Yifei Pan; Zhe‐Xuan Zhang; Yuanbi Yi; Zhao Liang Chen; Chen Zhao; Ruanhong Cai; Zekun Zhang; Christian Lønborg; Jianping Gan; Ding He
Methane biogeochemical turnover constrains arsenic transformation in groundwater systems: Organic molecular signatures and microbial functional networks,"Xianjun Xie, E. Anu Li, Honglin Jiang, ... , Shuai Shen (n=6)",Water Research,https://doi.org/10.1016/j.watres.2025.125083,Xianjun Xie; E. Anu Li; Honglin Jiang; Kunfu Pi; Yanhui Lu; Shuai Shen
Coupling electrooxidation-coagulation with membrane distillation using recycled Al can cathodes for sustainable landfill leachate treatment: Fouling control and mechanism insights,"Xin Zhang, Jiayu Luo, Tianwei Hao, ... , Yang Lei (n=6)",Water Research,https://doi.org/10.1016/j.watres.2025.124415,Xin Zhang; Jiayu Luo; Tianwei Hao; Xin Liu; Chongxuan Liu; Yang Lei
Organic molecular network analysis reveals transformation signatures of dissolved organic matter during anaerobic digestion process,"Xingsheng Yang, Xi Peng, Kai Feng, ... , Ye Deng (n=6)",Water Research,https://doi.org/10.1016/j.watres.2025.123777,Xingsheng Yang; Xi Peng; Kai Feng; Shang Wang; Zou Xiao; Ye Deng
Iron and sulfate reduction vs. methanogenesis: Contrasting terminal anaerobic organic matter degradation pathways regulate groundwater iodine enrichment,"Yamin Deng, Yuxiao Xu, Jiangkai Xue, Yao Du, Yanxin Wang",Water Research,https://doi.org/10.1016/j.watres.2025.124788,Yamin Deng; Yuxiao Xu; Jiangkai Xue; Yao Du; Yanxin Wang
Plastispheres as unique niches for promoting turnover of dissolved organic matter in aquatic environments,"Yanjun Liu, Zhenghao Li, Yan‐Yun Hu, ... , Guo‐Ping Sheng (n=6)",Water Research,https://doi.org/10.1016/j.watres.2025.124191,Yanjun Liu; Zhenghao Li; Yan‐Yun Hu; Jia-Heng Zhao; Yuan Li; Guo‐Ping Sheng
Dissolved organic matter in surface sediments along a river-to-ocean continuum: Molecular characteristics and sediment–water exchange dynamics,"Zekun Zhang, Peng Yao, Bin Zhao, ... , Ding He (n=10)",Water Research,https://doi.org/10.1016/j.watres.2025.125238,Zekun Zhang; Peng Yao; Bin Zhao; Yuanbi Yi; Zhao Liang Chen; Chen Zhao; Ruanhong Cai; Wenzhao Liang; Chenglong Wang; Ding He
Iron (oxyhydr)oxide-driven chemodiversity in algal-derived dissolved organic matter: Mechanistic coupling of electron transfer and radical-induced bond cleavage under light and dark conditions,"Zelong Yan, Minhan Pi, Tingting You, ... , Xiangfeng Zeng (n=6)",Water Research X,https://doi.org/10.1016/j.wroa.2025.100364,Zelong Yan; Minhan Pi; Tingting You; Li Wang; Shaofeng Wang; Xiangfeng Zeng
Lake dissolved organic matters seasonal variations is a main driver of N2O emission: In molecular insights by using FT-ICR MS,"Zezheng Wang, Lu Li, Chengchao Liao, ... , Kang Song (n=7)",Water Research X,https://doi.org/10.1016/j.wroa.2025.100321,Zezheng Wang; Lu Li; Chengchao Liao; Min Deng; Senbati Yeerken; Yongxia Huang; Kang Song
Properties of iron-bound organic carbon and its implications for the conservation of coastal wetland vegetation,"Zihan Zheng, Yanting Zhang, Qing‐Ying Yu, ... , Yulin Qi (n=7)",Water Research X,https://doi.org/10.1016/j.wroa.2025.100368,Zihan Zheng; Yanting Zhang; Qing‐Ying Yu; Tingcang Hu; Chao Ma; Chunmei Chen; Yulin Qi
Exploring the Complex Dynamics of Dissolved Organic Matter Across Diverse Ecosystems in Padilla Bay,"Karp, Lauren",Western CEDAR (Western Washington University),,"Karp, Lauren"
